-- phpMyAdmin SQL Dump
-- version 4.5.4.1deb2ubuntu2.1
-- http://www.phpmyadmin.net
--
-- Host: localhost
-- Generation Time: Jul 27, 2020 at 09:55 AM
-- Server version: 5.7.30-0ubuntu0.16.04.1
-- PHP Version: 7.2.30-1+ubuntu16.04.1+deb.sury.org+1

SET SQL_MODE = "NO_AUTO_VALUE_ON_ZERO";
SET time_zone = "+00:00";


/*!40101 SET @OLD_CHARACTER_SET_CLIENT=@@CHARACTER_SET_CLIENT */;
/*!40101 SET @OLD_CHARACTER_SET_RESULTS=@@CHARACTER_SET_RESULTS */;
/*!40101 SET @OLD_COLLATION_CONNECTION=@@COLLATION_CONNECTION */;
/*!40101 SET NAMES utf8mb4 */;

--
-- Database: `museum`
--

-- --------------------------------------------------------

--
-- Table structure for table `advertisement`
--

CREATE TABLE `advertisement` (
  `id` int(11) NOT NULL,
  `ad_images` varchar(255) NOT NULL,
  `type` varchar(255) NOT NULL DEFAULT '',
  `ad_title` varchar(255) NOT NULL,
  `ad_url` varchar(255) NOT NULL,
  `ad_status` varchar(255) DEFAULT '1' COMMENT 'play=1,pause=0',
  `ad_country` varchar(255) NOT NULL,
  `ad_state` varchar(255) NOT NULL,
  `ad_city` varchar(255) NOT NULL,
  `created_at` date NOT NULL,
  `updated_at` date NOT NULL
) ENGINE=InnoDB DEFAULT CHARSET=latin1;

--
-- Dumping data for table `advertisement`
--

INSERT INTO `advertisement` (`id`, `ad_images`, `type`, `ad_title`, `ad_url`, `ad_status`, `ad_country`, `ad_state`, `ad_city`, `created_at`, `updated_at`) VALUES
(131, 'slash1582813644.jpg', '', 'aadsv', 'asdgvdsg', '0', 'India', 'Delhi', 'Badarpur', '2020-02-27', '0000-00-00'),
(143, 'slash1583245367.jpg', 'slash', '', '', '1', '', '', '', '2020-03-03', '0000-00-00'),
(146, 'slash1588583265.jpg', '', 'testing', 'testing.com', '1', 'Dubai', 'Abudhabi', 'Al Samha', '2020-05-04', '0000-00-00');

-- --------------------------------------------------------

--
-- Table structure for table `albumimages`
--

CREATE TABLE `albumimages` (
  `id` int(11) NOT NULL,
  `album_id` int(11) NOT NULL,
  `type` enum('1','2','3') DEFAULT '1' COMMENT 'image-1,video-2,360Views-3',
  `user_id` int(11) DEFAULT NULL,
  `album_media_path` varchar(111) NOT NULL DEFAULT '',
  `created_at` timestamp NOT NULL DEFAULT CURRENT_TIMESTAMP,
  `updated_at` timestamp NULL DEFAULT NULL ON UPDATE CURRENT_TIMESTAMP
) ENGINE=InnoDB DEFAULT CHARSET=latin1;

--
-- Dumping data for table `albumimages`
--

INSERT INTO `albumimages` (`id`, `album_id`, `type`, `user_id`, `album_media_path`, `created_at`, `updated_at`) VALUES
(1, 101, '1', 18, '1577184411adminlist.png', '2019-12-24 10:46:51', NULL),
(5, 104, '1', 36, '1577366163IMG_20191108_123426_-423433302.jpg', '2019-12-26 13:16:03', NULL),
(11, 107, '1', 36, '1577427908IMG_20191017_175903.jpg', '2019-12-27 06:25:08', NULL),
(12, 108, '1', 36, '1577428480FB_IMG_1574664220583.jpg', '2019-12-27 06:34:40', NULL),
(13, 109, '1', 36, '1577429508IMG_20191017_180012.jpg', '2019-12-27 06:51:48', NULL),
(20, 112, '1', 36, '157779544920190825_144820.jpg', '2019-12-31 12:30:49', NULL),
(21, 112, '1', 36, '157779544920190825_144334.jpg', '2019-12-31 12:30:49', NULL),
(22, 112, '1', 36, '157779544920190825_144215.jpg', '2019-12-31 12:30:49', NULL),
(24, 112, '1', 36, '157779544920190825_162036.jpg', '2019-12-31 12:30:49', NULL),
(25, 113, '1', 35, '15780361942016-Chevrolet-Corvette-Z06-Blue-6-1920x1200.jpg', '2020-01-03 07:23:14', NULL),
(27, 113, '1', 35, '1578036194adminlist.png', '2020-01-03 07:23:14', NULL),
(28, 114, '1', 36, '15782970232XBJikiA.jpeg', '2020-01-06 07:50:23', NULL),
(29, 114, '1', 36, '15782970232016-Chevrolet-Corvette-Z06-Blue-6-1920x1200.jpg', '2020-01-06 07:50:23', NULL),
(30, 115, '1', 36, '15784025242XBJikiA.jpeg', '2020-01-07 13:08:44', NULL),
(32, 116, '1', 36, '15784025411577359503050.jpg', '2020-01-07 13:09:01', NULL),
(33, 116, '1', 36, '15784025411577355404990.jpg', '2020-01-07 13:09:01', NULL),
(36, 117, '1', 36, '1578477263IMG-20200107-WA0006.jpg', '2020-01-08 09:54:23', NULL),
(37, 118, '1', 35, '15791581391C-c6k8A_image.jpeg', '2020-01-16 07:02:19', NULL),
(39, 119, '1', 35, '15791581961C-c6k8A_image.jpeg', '2020-01-16 07:03:16', NULL),
(40, 119, '2', 35, '1579158196CH-9820_video.jpg', '2020-01-16 07:03:16', NULL),
(41, 119, '', 35, '1579158196CH-9826.jpg', '2020-01-16 07:03:16', NULL),
(42, 120, '1', 35, '15791583561C-c6k8A_image.jpeg', '2020-01-16 07:05:56', NULL),
(43, 120, '2', 35, '1579158356CH-9820_video.jpg', '2020-01-16 07:05:56', NULL),
(44, 120, '', 35, '1579158356CH-9826.jpg', '2020-01-16 07:05:56', NULL),
(52, 124, '2', 36, '1579519119VIDEO_20200120_164631_video.mp4', '2020-01-20 11:18:39', NULL),
(54, 125, '2', 36, '1579519318VIDEO_20200120_164931_video.mp4', '2020-01-20 11:21:58', NULL),
(55, 125, '2', 36, '1579519318VIDEO_20200120_165019_video.mp4', '2020-01-20 11:21:58', NULL),
(56, 125, '1', 36, '1579519318IMG_20200119_181611_image.jpg', '2020-01-20 11:21:58', NULL),
(57, 125, '1', 36, '1579519318IMG-20200120-WA0004_image.jpg', '2020-01-20 11:21:58', NULL),
(58, 14, '', 35, '1579521207LL-GlobalNews.png', '2020-01-20 19:53:27', '2020-01-20 19:53:27'),
(59, 14, '', 35, '1579521283LL-GlobalNews.png', '2020-01-20 19:54:43', '2020-01-20 19:54:43'),
(71, 124, '1', 36, '1579608345IMG_20191111_170033_image.jpg', '2020-01-21 20:05:45', '2020-01-21 20:05:45'),
(72, 124, '1', 36, '15796083841578651183120_image.jpg', '2020-01-21 20:06:24', '2020-01-21 20:06:24'),
(73, 124, '1', 36, '1579608399img_4491572079933669279_image.jpg', '2020-01-21 20:06:39', '2020-01-21 20:06:39'),
(74, 126, '1', 36, '157962761620190803_144015_image.jpg', '2020-01-21 17:26:56', NULL),
(75, 126, '1', 36, '157962761620190803_134659_image.jpg', '2020-01-21 17:26:56', NULL),
(76, 126, '1', 36, '157962761620190803_104812_image.jpg', '2020-01-21 17:26:56', NULL),
(77, 126, '1', 36, '157962761620190803_104811_image.jpg', '2020-01-21 17:26:56', NULL),
(78, 126, '1', 36, '157962761620190803_140121_image.jpg', '2020-01-21 17:26:56', NULL),
(79, 126, '1', 36, '157962761620190803_170409_image.jpg', '2020-01-21 17:26:56', NULL),
(80, 21, '', 35, '1579688472Screenshot (1).png', '2020-01-22 18:21:12', '2020-01-22 18:21:12'),
(81, 21, '', 35, '1579688811Screenshot (1).png', '2020-01-22 18:26:51', '2020-01-22 18:26:51'),
(82, 21, '', 35, '1579688907Screenshot (1).png', '2020-01-22 18:28:27', '2020-01-22 18:28:27'),
(83, 21, '', 35, '1579688930Screenshot (1).png', '2020-01-22 18:28:50', '2020-01-22 18:28:50'),
(84, 21, '', 35, '1579688936Screenshot (1).png', '2020-01-22 18:28:56', '2020-01-22 18:28:56'),
(85, 21, '', 35, '1579688958Screenshot (1).png', '2020-01-22 18:29:18', '2020-01-22 18:29:18'),
(86, 21, '', 35, '1579689010Screenshot (1).png', '2020-01-22 18:30:10', '2020-01-22 18:30:10'),
(87, 21, '', 35, '1579689081Screenshot (1).png', '2020-01-22 18:31:21', '2020-01-22 18:31:21'),
(88, 21, '', 35, '1579689112Screenshot (1).png', '2020-01-22 18:31:52', '2020-01-22 18:31:52'),
(89, 21, '', 35, '1579689150Screenshot (1).png', '2020-01-22 18:32:30', '2020-01-22 18:32:30'),
(90, 21, '', 35, '1579689178Screenshot (1).png', '2020-01-22 18:32:58', '2020-01-22 18:32:58'),
(91, 21, '', 35, '1579689190Screenshot (1).png', '2020-01-22 18:33:10', '2020-01-22 18:33:10'),
(92, 21, '', 35, '1579689253Screenshot (1).png', '2020-01-22 18:34:13', '2020-01-22 18:34:13'),
(93, 21, '', 35, '1579689271Screenshot (1).png', '2020-01-22 18:34:31', '2020-01-22 18:34:31'),
(94, 21, '', 35, '1579689299Screenshot (1).png', '2020-01-22 18:34:59', '2020-01-22 18:34:59'),
(95, 21, '', 35, '1579689330Screenshot (1).png', '2020-01-22 18:35:30', '2020-01-22 18:35:30'),
(96, 21, '', 35, '1579689340Screenshot (1).png', '2020-01-22 18:35:40', '2020-01-22 18:35:40'),
(97, 21, '', 35, '1579689357Screenshot (1).png', '2020-01-22 18:35:57', '2020-01-22 18:35:57'),
(98, 21, '', 35, '1579689362Screenshot (1).png', '2020-01-22 18:36:02', '2020-01-22 18:36:02'),
(99, 21, '', 35, '1579689480Screenshot (1).png', '2020-01-22 18:38:00', '2020-01-22 18:38:00'),
(100, 21, '', 35, '1579689532Screenshot (1).png', '2020-01-22 18:38:52', '2020-01-22 18:38:52'),
(101, 21, '', 35, '1579689556Screenshot (1).png', '2020-01-22 18:39:16', '2020-01-22 18:39:16'),
(102, 21, '', 35, '1579689662Screenshot (1).png', '2020-01-22 18:41:02', '2020-01-22 18:41:02'),
(103, 21, '', 35, '1579689665Screenshot (1).png', '2020-01-22 18:41:05', '2020-01-22 18:41:05'),
(104, 21, '', 35, '1579689679Screenshot (1).png', '2020-01-22 18:41:19', '2020-01-22 18:41:19'),
(105, 21, '', 35, '1579689726Screenshot (1).png', '2020-01-22 18:42:06', '2020-01-22 18:42:06'),
(106, 21, '', 35, '1579689782Screenshot (1).png', '2020-01-22 18:43:02', '2020-01-22 18:43:02'),
(107, 121, '', 35, '1579689796Screenshot (1).png', '2020-01-22 18:43:16', '2020-01-22 11:21:25'),
(109, 127, '1', 9, '158006756620190825_162036_image.jpg', '2020-01-26 19:39:26', NULL),
(110, 127, '1', 9, '158006756620190825_161945_image.jpg', '2020-01-26 19:39:26', NULL),
(111, 127, '1', 9, '158006756620190825_144820_image.jpg', '2020-01-26 19:39:26', NULL),
(112, 127, '1', 9, '158006756620190825_144334_image.jpg', '2020-01-26 19:39:26', NULL),
(113, 127, '1', 9, '158006756620190825_144215_image.jpg', '2020-01-26 19:39:26', NULL),
(114, 128, '1', 36, '1580107999image-0ec7e280-f428-479a-bec7-e85e11c6c0701507190515644721705_image.jpg', '2020-01-27 06:53:19', NULL),
(126, 124, '1', 36, '1580211045GetImagePY_image.jpeg', '2020-01-28 19:30:45', '2020-01-28 19:30:45'),
(138, 134, '1', 9, '158021710920190825_144820_image.jpg', '2020-01-28 13:11:49', NULL),
(139, 134, '1', 9, '158021710920190825_144334_image.jpg', '2020-01-28 13:11:49', NULL),
(140, 134, '1', 9, '158021710920190825_144215_image.jpg', '2020-01-28 13:11:49', NULL),
(141, 134, '1', 9, '158021710920190825_144206_image.jpg', '2020-01-28 13:11:49', NULL),
(142, 135, '1', 9, '158021772720190825_162036_image.jpg', '2020-01-28 13:22:07', NULL),
(143, 135, '1', 9, '158021772720190825_161945_image.jpg', '2020-01-28 13:22:07', NULL),
(144, 135, '1', 9, '158021772720190825_144820_image.jpg', '2020-01-28 13:22:07', NULL),
(145, 135, '1', 9, '158021772720190825_144334_image.jpg', '2020-01-28 13:22:07', NULL),
(146, 200, '1', 4, '1578036194adminlist.png', '2020-01-29 12:55:15', NULL),
(147, 100, '1', 5, '1578036194adminlist.png', '2020-01-29 12:55:15', NULL),
(149, 120, '1', 50, '1578036194adminlist.png', '2020-01-29 12:55:43', NULL),
(150, 136, '2', 70, '1580305248VIDEO_20200129_190938_video.mp4', '2020-01-29 13:40:48', NULL),
(152, 138, '1', 72, '15803670101578380474818_image.jpg', '2020-01-30 06:50:10', NULL),
(159, 139, '2', 70, '1580370962VIDEO_20200130_132500_video.mp4', '2020-01-30 07:56:02', NULL),
(160, 140, '2', 72, '1580377005VIDEO_20200130_034615_video.mp4', '2020-01-30 09:36:45', NULL),
(161, 140, '1', 72, '1580377005IMG_20191111_170033_image.jpg', '2020-01-30 09:36:45', NULL),
(162, 141, '2', 72, '1580377602VIDEO_20200130_035549_video.mp4', '2020-01-30 09:46:42', NULL),
(163, 142, '1', 72, '1580386502JPEG_20200103_173800_7764617534388039037_image.jpg', '2020-01-30 12:15:02', NULL),
(167, 124, '1', 36, '1580463550IMG-20200130-WA0022_image.jpg', '2020-01-31 17:39:10', '2020-01-31 17:39:10'),
(168, 124, '1', 36, '1580463568IMG-20200130-WA0021_image.jpg', '2020-01-31 17:39:28', '2020-01-31 17:39:28'),
(169, 124, '1', 36, '1580463650IMG-20200130-WA0000_image.jpg', '2020-01-31 17:40:50', '2020-01-31 17:40:50'),
(170, 124, '1', 36, '1580463702IMG-20200130-WA0021_image.jpg', '2020-01-31 17:41:42', '2020-01-31 17:41:42'),
(171, 124, '1', 36, '1580463733IMG-20200129-WA0034_image.jpg', '2020-01-31 17:42:13', '2020-01-31 17:42:13'),
(172, 124, '1', 36, '1580463818IMG-20200129-WA0026_image.jpg', '2020-01-31 17:43:38', '2020-01-31 17:43:38'),
(173, 124, '1', 36, '1580464228IMG-20200129-WA0028_image.jpg', '2020-01-31 17:50:28', '2020-01-31 17:50:28'),
(174, 124, '1', 36, '1580464245IMG-20200129-WA0033_image.jpg', '2020-01-31 17:50:45', '2020-01-31 17:50:45'),
(175, 124, '1', 36, '1580464828IMG-20200130-WA0000_image.jpg', '2020-01-31 18:00:28', '2020-01-31 18:00:28'),
(176, 124, '1', 36, '1580465325IMG_20191010_115850_image.jpg', '2020-01-31 18:08:45', '2020-01-31 18:08:45'),
(183, 150, '1', 9, '1581136213Screenshot_20200207-212457_Chrome(1)_image.jpg', '2020-02-08 04:30:13', NULL),
(184, 150, '1', 9, '158113621320200207_215048_image.jpg', '2020-02-08 04:30:13', NULL),
(185, 150, '1', 9, '158113621320200207_214820_image.jpg', '2020-02-08 04:30:13', NULL),
(186, 150, '1', 9, '158113621320200207_215218_image.jpg', '2020-02-08 04:30:13', NULL),
(187, 150, '1', 9, '1581136213Screenshot_20200207-212534_Chrome_image.jpg', '2020-02-08 04:30:13', NULL),
(188, 150, '1', 9, '158113621320200207_214740_image.jpg', '2020-02-08 04:30:13', NULL),
(189, 150, '1', 9, '158113621320200207_214706_image.jpg', '2020-02-08 04:30:13', NULL),
(190, 150, '1', 9, '158113621320200207_214637_image.jpg', '2020-02-08 04:30:13', NULL),
(191, 150, '1', 9, '158113621320200207_214133_image.jpg', '2020-02-08 04:30:13', NULL),
(192, 150, '1', 9, '158113621320200207_214212_image.jpg', '2020-02-08 04:30:13', NULL),
(193, 150, '1', 9, '158113621320200207_214350_image.jpg', '2020-02-08 04:30:13', NULL),
(194, 150, '1', 9, '158113621320200207_214437_image.jpg', '2020-02-08 04:30:13', NULL),
(195, 150, '1', 9, '158113621320200207_214105_image.jpg', '2020-02-08 04:30:13', NULL),
(196, 150, '1', 9, '158113621320200207_214033_image.jpg', '2020-02-08 04:30:13', NULL),
(197, 150, '1', 9, '158113621320200207_214012_image.jpg', '2020-02-08 04:30:13', NULL),
(198, 150, '1', 9, '158113621320200207_213928_image.jpg', '2020-02-08 04:30:13', NULL),
(199, 150, '1', 9, '158113621320200207_213706_image.jpg', '2020-02-08 04:30:13', NULL),
(200, 150, '1', 9, '158113621320200207_213736_image.jpg', '2020-02-08 04:30:13', NULL),
(201, 150, '1', 9, '158113621320200207_213801_image.jpg', '2020-02-08 04:30:13', NULL),
(202, 150, '1', 9, '158113621320200207_213829_image.jpg', '2020-02-08 04:30:13', NULL),
(203, 150, '2', 9, '1581165584VIDEO_20200208_074359_video.mp4', '2020-02-08 20:39:44', '2020-02-08 20:39:44'),
(204, 151, '1', 9, '158116666820200207_214012_image.jpg', '2020-02-08 12:57:48', NULL),
(205, 151, '1', 9, '158116666820200207_213928_image.jpg', '2020-02-08 12:57:48', NULL),
(206, 151, '1', 9, '158116666820200207_213706_image.jpg', '2020-02-08 12:57:48', NULL),
(207, 151, '1', 9, '158116666820200207_213801_image.jpg', '2020-02-08 12:57:48', NULL),
(208, 115, '', 35, '1581421821cm4_video-1.mp4', '2020-02-11 19:50:21', '2020-02-11 19:50:21'),
(209, 152, '1', 36, '1581511896Screenshot_20200204-165123_image.png', '2020-02-12 12:51:36', NULL),
(210, 153, '1', 36, '1581513250img_563872265087320589_image.jpg', '2020-02-12 13:14:10', NULL),
(211, 154, '1', 36, '15815766661581488440655_image.jpg', '2020-02-13 06:51:06', NULL),
(212, 154, '2', 36, '1581576666VIDEO_20200213_121805_video.mp4', '2020-02-13 06:51:06', NULL),
(213, 154, '1', 36, '1581576666tmp_image.png', '2020-02-13 06:51:06', NULL),
(214, 154, '2', 36, '1581576666VIDEO_20200213_121940_video.mp4', '2020-02-13 06:51:06', NULL),
(215, 154, '1', 36, '15815769651581060032603_image.jpg', '2020-02-13 14:56:05', '2020-02-13 14:56:05'),
(216, 154, '2', 36, '1581577156VIDEO_20200213_122817_video.mp4', '2020-02-13 14:59:16', '2020-02-13 14:59:16'),
(217, 155, '1', 36, '1581593706IMG_20200211_185010_image.jpg', '2020-02-13 11:35:06', NULL),
(218, 155, '1', 36, '15815976001580366562192_image.jpg', '2020-02-13 20:40:00', '2020-02-13 20:40:00'),
(219, 155, '2', 36, '1581597705VIDEO_20200213_181043_video.mp4', '2020-02-13 20:41:45', '2020-02-13 20:41:45'),
(220, 156, '1', 80, '158172424320200214_173702_image.jpg', '2020-02-14 23:50:44', NULL),
(221, 156, '1', 80, '158172424320200214_174419_image.jpg', '2020-02-14 23:50:44', NULL),
(222, 156, '1', 80, '158172424320200214_174333_image.jpg', '2020-02-14 23:50:44', NULL),
(223, 156, '1', 80, '158172424320200214_174305_image.jpg', '2020-02-14 23:50:44', NULL),
(224, 156, '1', 80, '158172424320200214_174631_image.jpg', '2020-02-14 23:50:44', NULL),
(225, 156, '1', 80, '158172424320200214_174226_image.jpg', '2020-02-14 23:50:44', NULL),
(226, 156, '1', 80, '158172424320200214_174153_image.jpg', '2020-02-14 23:50:44', NULL),
(227, 156, '1', 80, '158172424320200214_174039_image.jpg', '2020-02-14 23:50:44', NULL),
(228, 156, '1', 80, '158172424320200214_174000_image.jpg', '2020-02-14 23:50:44', NULL),
(229, 156, '1', 80, '158172424320200214_173926_image.jpg', '2020-02-14 23:50:44', NULL),
(230, 156, '1', 80, '158172424320200214_173857_image.jpg', '2020-02-14 23:50:44', NULL),
(231, 156, '1', 80, '158172424320200214_173756_image.jpg', '2020-02-14 23:50:44', NULL),
(232, 156, '1', 80, '158172424320200214_173756_image.jpg', '2020-02-14 23:50:44', NULL),
(233, 156, '1', 80, '158172424320200214_173613_image.jpg', '2020-02-14 23:50:44', NULL),
(234, 156, '1', 80, '158172424320200214_173538_image.jpg', '2020-02-14 23:50:44', NULL),
(235, 156, '1', 80, '158172424320200214_173451_image.jpg', '2020-02-14 23:50:44', NULL),
(236, 157, '1', 80, '158172490620200214_172152_image.jpg', '2020-02-15 00:01:46', NULL),
(237, 157, '1', 80, '158172490620200214_172112_image.jpg', '2020-02-15 00:01:46', NULL),
(238, 157, '1', 80, '158172490620200214_172023_image.jpg', '2020-02-15 00:01:46', NULL),
(239, 157, '1', 80, '158172490620200214_172413_image.jpg', '2020-02-15 00:01:46', NULL),
(240, 157, '1', 80, '158172490620200214_172259_image.jpg', '2020-02-15 00:01:46', NULL),
(241, 157, '1', 80, '158172490620200214_172536_image.jpg', '2020-02-15 00:01:46', NULL),
(242, 157, '1', 80, '158172490620200214_172501_image.jpg', '2020-02-15 00:01:46', NULL),
(243, 157, '1', 80, '158172490620200214_172655_image.jpg', '2020-02-15 00:01:46', NULL),
(244, 157, '1', 80, '158172490620200214_172624_image.jpg', '2020-02-15 00:01:46', NULL),
(245, 157, '1', 80, '158172490620200214_173037_image.jpg', '2020-02-15 00:01:46', NULL),
(246, 157, '1', 80, '158172490620200214_173006_image.jpg', '2020-02-15 00:01:46', NULL),
(247, 157, '1', 80, '158172490620200214_172655_image.jpg', '2020-02-15 00:01:46', NULL),
(248, 157, '1', 80, '158172490620200214_172905_image.jpg', '2020-02-15 00:01:46', NULL),
(249, 157, '1', 80, '158172490620200214_172826_image.jpg', '2020-02-15 00:01:46', NULL),
(250, 157, '1', 80, '158172490620200214_173200_image.jpg', '2020-02-15 00:01:46', NULL),
(251, 157, '1', 80, '158172490620200214_173332_image.jpg', '2020-02-15 00:01:46', NULL),
(252, 157, '1', 80, '158172490620200214_173245_image.jpg', '2020-02-15 00:01:46', NULL),
(253, 158, '1', 80, '158172542520200214_171831_image.jpg', '2020-02-15 00:10:25', NULL),
(254, 158, '1', 80, '158172542520200214_171729_image.jpg', '2020-02-15 00:10:25', NULL),
(255, 158, '1', 80, '158172542520200214_171624_image.jpg', '2020-02-15 00:10:25', NULL),
(256, 158, '1', 80, '158172542520200214_171514_image.jpg', '2020-02-15 00:10:25', NULL),
(257, 158, '1', 80, '158172542520200214_171443_image.jpg', '2020-02-15 00:10:25', NULL),
(258, 159, '1', 32, '1582009920IMG_20200218_103658_image.jpg', '2020-02-18 07:12:00', NULL),
(259, 159, '1', 32, '1582009920IMG_20200211_180019_image.jpg', '2020-02-18 07:12:00', NULL),
(260, 160, '1', 36, '1582113472IMG_20191120_125832_image.jpg', '2020-02-19 11:57:52', NULL),
(261, 161, '1', 36, '1582876836Screenshot_20200221-130246_Bumble_image.jpg', '2020-02-28 08:00:36', NULL),
(262, 161, '1', 36, '1582876836Screenshot_20200224-185602_Hapitrees_image.jpg', '2020-02-28 08:00:36', NULL),
(263, 163, '', 36, '1584008576896e174f-57f2-42f6-8f91-c487cba633e6.png', '2020-03-12 10:22:56', NULL),
(269, 166, '1', 36, '1584089895image-600a0613-bd99-495e-8541-d15531ca4082239859541569732815_image.jpg', '2020-03-13 08:58:15', NULL),
(270, 166, '1', 36, '1584089895exh_74_137_9104_image.jpg', '2020-03-13 08:58:15', NULL),
(271, 167, '1', 36, '1584090182Screenshot_20200224-185801_Hapitrees_image.jpg', '2020-03-13 09:03:02', NULL),
(272, 167, '1', 36, '1584090182Screenshot_20200224-185715_Hapitrees_image.jpg', '2020-03-13 09:03:02', NULL),
(277, 170, '1', 32, '1585408341IMG-20200327-WA0014_image.jpg', '2020-03-28 15:12:21', NULL),
(278, 171, '1', 9, '158630062220200328_140206_image.jpg', '2020-04-07 23:03:42', NULL),
(279, 171, '1', 9, '158630062220200328_140143_image.jpg', '2020-04-07 23:03:42', NULL),
(280, 171, '1', 9, '158630062220200328_140324_image.jpg', '2020-04-07 23:03:42', NULL),
(281, 171, '1', 9, '158630062220200328_140305_image.jpg', '2020-04-07 23:03:42', NULL),
(282, 171, '1', 9, '158630062220200328_140243_image.jpg', '2020-04-07 23:03:42', NULL),
(283, 171, '1', 9, '158630062220200328_140223_image.jpg', '2020-04-07 23:03:42', NULL),
(284, 171, '1', 9, '158630062220190825_140447_image.jpg', '2020-04-07 23:03:42', NULL),
(285, 172, '1', 90, '1586345173Resized_20190601_100918_3493_image.jpeg', '2020-04-08 11:26:13', NULL),
(286, 172, '1', 90, '1586345173IMG-20190601-WA0006_image.jpeg', '2020-04-08 11:26:13', NULL),
(287, 172, '1', 90, '1586556612Resized_20190703_190341_6957_image.jpeg', '2020-04-10 22:10:12', '2020-04-10 22:10:12'),
(301, 168, '1', 36, '1588315562IMG-20200501-WA0008_image.jpg', '2020-05-01 06:46:02', '2020-05-01 06:46:02'),
(302, 168, '1', 36, '1588315570IMG-20200501-WA0009_image.jpg', '2020-05-01 06:46:10', '2020-05-01 06:46:10'),
(307, 168, '1', 36, '1588317252IMG-20200501-WA0014_image.jpg', '2020-05-01 07:14:12', '2020-05-01 07:14:12'),
(308, 168, '1', 36, '1588318263IMG-20200501-WA0000_image.jpg', '2020-05-01 07:31:03', '2020-05-01 07:31:03'),
(311, 178, '1', 36, '1588580095IMG-20200504-WA0013_image.jpg', '2020-05-04 08:14:55', NULL),
(312, 178, '1', 36, '1588580095IMG-20200504-WA0012_image.jpg', '2020-05-04 08:14:55', NULL),
(313, 179, '1', 36, '1588580238IMG-20200504-WA0008_image.jpg', '2020-05-04 08:17:18', NULL),
(314, 179, '1', 36, '1588580238IMG-20200504-WA0004_image.jpg', '2020-05-04 08:17:18', NULL),
(315, 179, '1', 36, '1588580238IMG-20200504-WA0002_image.jpg', '2020-05-04 08:17:18', NULL),
(316, 180, '1', 36, '1588580293IMG-20200503-WA0078_image.jpg', '2020-05-04 08:18:13', NULL),
(317, 180, '1', 36, '1588580293IMG-20200503-WA0074_image.jpg', '2020-05-04 08:18:13', NULL),
(318, 180, '1', 36, '1588580293IMG-20200503-WA0071_image.jpg', '2020-05-04 08:18:13', NULL),
(319, 181, '1', 92, '1588593236IMG-20200504-WA0011_image.jpg', '2020-05-04 11:53:56', NULL),
(320, 182, '1', 36, '1588834253IMG-20200506-WA0012_image.jpg', '2020-05-07 06:50:53', NULL),
(321, 168, '1', 36, '1589035491IMG-20200509-WA0021_image.jpg', '2020-05-09 14:44:51', '2020-05-09 14:44:51'),
(322, 171, '1', 36, '', '2020-05-11 14:00:25', '2020-05-11 14:00:25'),
(323, 171, '1', 36, '', '2020-05-11 14:00:35', '2020-05-11 14:00:35'),
(324, 171, '1', 36, '', '2020-05-11 14:00:54', '2020-05-11 14:00:54'),
(325, 151, '1', 36, '', '2020-05-11 14:01:14', '2020-05-11 14:01:14'),
(326, 135, '1', 36, '', '2020-05-11 14:01:45', '2020-05-11 14:01:45'),
(327, 135, '1', 36, '', '2020-05-11 14:01:56', '2020-05-11 14:01:56'),
(328, 134, '1', 36, '', '2020-05-11 14:02:13', '2020-05-11 14:02:13'),
(329, 134, '1', 36, '', '2020-05-11 14:02:22', '2020-05-11 14:02:22'),
(330, 134, '1', 36, '', '2020-05-11 14:04:51', '2020-05-11 14:04:51'),
(331, 134, '1', 36, '', '2020-05-11 14:04:56', '2020-05-11 14:04:56'),
(332, 134, '1', 36, '', '2020-05-11 14:04:59', '2020-05-11 14:04:59'),
(333, 134, '1', 36, '', '2020-05-11 14:05:03', '2020-05-11 14:05:03'),
(334, 134, '1', 36, '', '2020-05-11 14:05:06', '2020-05-11 14:05:06'),
(335, 134, '1', 36, '', '2020-05-11 14:05:09', '2020-05-11 14:05:09'),
(336, 134, '1', 36, '', '2020-05-11 14:05:10', '2020-05-11 14:05:10'),
(337, 134, '1', 36, '', '2020-05-11 14:05:10', '2020-05-11 14:05:10'),
(338, 134, '1', 36, '', '2020-05-11 14:05:32', '2020-05-11 14:05:32'),
(339, 134, '1', 36, '', '2020-05-11 14:05:38', '2020-05-11 14:05:38'),
(340, 134, '1', 36, '', '2020-05-11 14:05:49', '2020-05-11 14:05:49'),
(341, 168, '1', 36, '', '2020-05-11 14:06:49', '2020-05-11 14:06:49'),
(344, 36, '', 36, '1589437699002.jpg', '2020-05-14 06:28:19', '2020-05-14 06:28:19'),
(345, 36, '', 36, '1589439528image.png', '2020-05-14 06:58:48', '2020-05-14 06:58:48'),
(346, 36, '', 36, '1589439749image.png', '2020-05-14 07:02:29', '2020-05-14 07:02:29'),
(349, 184, '', 81, '1589887756moduleshome1000new.png', '2020-05-19 11:29:16', NULL),
(352, 185, '1', 36, '1590425084images (1)_image.jpeg', '2020-05-25 16:44:44', NULL),
(353, 185, '1', 36, '1590425084images_image.jpeg', '2020-05-25 16:44:44', NULL),
(356, 186, '', 36, '1591008450002.jpg', '2020-06-01 10:47:30', NULL),
(357, 187, '', 36, '1591009238UPXY4036.jpeg', '2020-06-01 11:00:38', NULL),
(358, 187, '', 36, '1591009238BEBD9375.jpeg', '2020-06-01 11:00:38', NULL),
(359, 188, '', 36, '1591009698UPXY4036.jpeg', '2020-06-01 11:08:18', NULL),
(360, 188, '', 36, '1591009698BEBD9375.jpeg', '2020-06-01 11:08:18', NULL),
(365, 189, '1', 36, '1591016909myAlbumImageNumber75_image.jpg', '2020-06-01 13:08:29', '2020-06-01 13:08:29'),
(366, 189, '1', 36, '1591017057myAlbumImageNumber43_image.jpg', '2020-06-01 13:10:57', '2020-06-01 13:10:57'),
(367, 190, '1', 36, '1591018961myImageNumber37_image.jpg', '2020-06-01 13:42:41', NULL),
(368, 191, '1', 36, '1591077718myImageNumber68_image.jpg', '2020-06-02 06:01:58', NULL),
(369, 191, '1', 36, '1591077718myImageNumber68_image.jpg', '2020-06-02 06:01:58', NULL),
(370, 191, '1', 36, '1591077718myImageNumber68_image.jpg', '2020-06-02 06:01:58', NULL),
(371, 192, '1', 36, '1591079496myImageNumber66_image.jpg', '2020-06-02 06:31:36', NULL),
(372, 193, '1', 36, '1591079976myImageNumber11_image.jpg', '2020-06-02 06:39:36', NULL),
(373, 194, '1', 9, '159148475920200606_190959_image.jpg', '2020-06-06 23:05:59', NULL),
(374, 194, '1', 9, '1591484759Screenshot_20200606-190747_Google_image.jpg', '2020-06-06 23:05:59', NULL),
(375, 194, '1', 9, '1591484759Screenshot_20200606-190612_Google_image.jpg', '2020-06-06 23:05:59', NULL),
(376, 195, '1', 9, '1591487408Screenshot_20200606-195128_Google_image.jpg', '2020-06-06 23:50:08', NULL),
(377, 195, '1', 9, '1591487408Screenshot_20200606-194546_Google_image.jpg', '2020-06-06 23:50:08', NULL),
(378, 195, '1', 9, '1591487408Screenshot_20200606-195233_Google_image.jpg', '2020-06-06 23:50:08', NULL),
(379, 195, '1', 9, '1591487408Screenshot_20200606-194738_Google_image.jpg', '2020-06-06 23:50:08', NULL),
(380, 195, '1', 9, '1591487408Screenshot_20200606-194409_Google_image.jpg', '2020-06-06 23:50:08', NULL),
(381, 196, '1', 36, '1591590872images (1)_image.jpeg', '2020-06-08 04:34:32', NULL),
(382, 196, '1', 36, '1591590872images_image.jpeg', '2020-06-08 04:34:32', NULL),
(383, 197, '1', 36, '1591591552images (1)_image.jpeg', '2020-06-08 04:45:52', NULL),
(384, 197, '1', 36, '1591591552images_image.jpeg', '2020-06-08 04:45:52', NULL),
(386, 199, '1', 36, '1591949428myImageNumber0_image.jpg', '2020-06-12 08:10:28', NULL),
(387, 200, '1', 36, '1591954282IMG-20200611-WA0004_image.jpg', '2020-06-12 09:31:22', NULL),
(388, 201, '1', 36, '1591955014myImageNumber27_image.jpg', '2020-06-12 09:43:34', NULL),
(389, 202, '1', 36, '1591955206myImageNumber68_image.jpg', '2020-06-12 09:46:46', NULL),
(390, 203, '1', 36, '1591964314myImageNumber12_image.jpg', '2020-06-12 12:18:34', NULL),
(391, 204, '1', 36, '1592386838myImageNumber48_image.jpg', '2020-06-17 09:40:38', NULL),
(392, 205, '1', 36, '1592459568Cover_image.jpg', '2020-06-18 05:52:48', NULL),
(393, 206, '1', 36, '1592459620images (2)_image.jpeg', '2020-06-18 05:53:40', NULL),
(394, 207, '1', 36, '1592470855myImageNumber95_image.jpg', '2020-06-18 09:00:55', NULL),
(395, 207, '1', 36, '1592471593myAlbumImageNumber70_image.jpg', '2020-06-18 09:13:13', '2020-06-18 09:13:13'),
(396, 207, '1', 36, '1592472629myAlbumImageNumber68_image.jpg', '2020-06-18 09:30:29', '2020-06-18 09:30:29'),
(397, 208, '1', 36, '1592562592myImageNumber85_image.jpg', '2020-06-19 10:29:52', NULL),
(398, 208, '1', 36, '1592562592myImageNumber26_image.jpg', '2020-06-19 10:29:52', NULL),
(399, 208, '1', 36, '1592562592myImageNumber59_image.jpg', '2020-06-19 10:29:52', NULL),
(400, 209, '1', 36, '1592568296myImageNumber2_image.jpg', '2020-06-19 12:04:56', NULL),
(401, 210, '1', 36, '1592829336Cover_image.jpg', '2020-06-22 12:35:36', NULL),
(402, 211, '1', 36, '1592829412IMG-20200622-WA0022_image.jpg', '2020-06-22 12:36:52', NULL),
(403, 211, '1', 36, '15928296461586864898283_image.jpg', '2020-06-22 12:40:46', '2020-06-22 12:40:46'),
(404, 212, '1', 36, '15928307431587017819851_image.jpg', '2020-06-22 12:59:03', NULL),
(405, 213, '1', 36, '15928347681584624815283_image.jpg', '2020-06-22 14:06:08', NULL),
(406, 214, '1', 36, '1592835298Screenshot_2020-05-30-14-04-39-84_dac7cc7571c39b392df64923967cf7da_image.png', '2020-06-22 14:14:58', NULL),
(407, 215, '1', 36, '1592892423images (2)_image.jpeg', '2020-06-23 06:07:03', NULL),
(408, 216, '1', 36, '1592892551images (4)_image.jpeg', '2020-06-23 06:09:11', NULL),
(409, 217, '1', 36, '15928927161586864898283_image.jpg', '2020-06-23 06:11:56', NULL),
(410, 217, '1', 36, '1592916025IMG-20200623-WA0000_image.jpg', '2020-06-23 12:40:25', '2020-06-23 12:40:25'),
(411, 216, '1', 36, '1592921484Screenshot_2020-05-30-14-04-39-84_dac7cc7571c39b392df64923967cf7da_image.png', '2020-06-23 14:11:24', '2020-06-23 14:11:24'),
(412, 217, '1', 36, '1592982674Cover_image.jpg', '2020-06-24 07:11:14', '2020-06-24 07:11:14'),
(413, 218, '1', 36, '1593590516images_image.jpeg', '2020-07-01 08:01:56', NULL),
(414, 219, '1', 36, '1593608200images_image.jpeg', '2020-07-01 12:56:40', NULL),
(415, 219, '1', 36, '1593608200images (1)_image.jpeg', '2020-07-01 12:56:40', NULL),
(416, 220, '1', 36, '1593608467IMG-20200623-WA0000_image.jpg', '2020-07-01 13:01:07', NULL),
(417, 221, '1', 36, '1593610260images_image.jpeg', '2020-07-01 13:31:00', NULL),
(418, 222, '1', 36, '159361241346252020054634_image.jpg', '2020-07-01 14:06:53', NULL),
(419, 222, '1', 36, '159361241333172020053337_image.jpg', '2020-07-01 14:06:53', NULL),
(420, 223, '1', 36, '1593613489images (1)_image.jpeg', '2020-07-01 14:24:49', NULL),
(421, 224, '1', 36, '1593614422images (1)_image.jpeg', '2020-07-01 14:40:22', NULL),
(422, 226, '1', 36, '1593614916images_image.jpeg', '2020-07-01 14:48:36', NULL);

-- --------------------------------------------------------

--
-- Table structure for table `albums`
--

CREATE TABLE `albums` (
  `id` int(11) NOT NULL,
  `user_id` int(11) NOT NULL,
  `stories_id` int(11) DEFAULT NULL,
  `name` varchar(50) NOT NULL,
  `date` date DEFAULT NULL,
  `timeline_date` date DEFAULT NULL,
  `place` varchar(255) NOT NULL,
  `description` text,
  `timeline_desc` text,
  `timeline_cover` varchar(255) DEFAULT '',
  `album_cover` varchar(225) NOT NULL DEFAULT '',
  `created_at` timestamp NOT NULL DEFAULT CURRENT_TIMESTAMP,
  `updated_at` timestamp NULL DEFAULT NULL ON UPDATE CURRENT_TIMESTAMP
) ENGINE=InnoDB DEFAULT CHARSET=latin1;

--
-- Dumping data for table `albums`
--

INSERT INTO `albums` (`id`, `user_id`, `stories_id`, `name`, `date`, `timeline_date`, `place`, `description`, `timeline_desc`, `timeline_cover`, `album_cover`, `created_at`, `updated_at`) VALUES
(4, 4, 2, 'Vdo', '2019-11-13', '2019-11-13', 'shdhdh', '', '', '', '', '2019-11-13 14:30:44', '2020-07-01 13:12:03'),
(6, 1, 2, 'Test Album', '2019-11-25', '2019-11-25', 'New Delhi India', 'just for testing', '', '', '', '2019-11-13 14:56:29', '2020-07-01 13:12:27'),
(7, 4, 2, 'Sdgjk', '2019-11-13', '2019-11-13', 'chcgchccgcg', '', '', '', '', '2019-11-13 15:15:07', '2020-07-01 13:12:03'),
(8, 4, 2, 'Tara', '2019-11-13', '2019-11-13', 'xbxb', '', '', '', '', '2019-11-13 15:25:29', '2020-07-01 13:12:03'),
(9, 4, 2, 'Iiiiii', '2019-11-13', '2019-11-13', 'xnnz', '', '', '', '', '2019-11-13 15:28:12', '2020-07-01 13:12:03'),
(10, 4, 2, 'Array', '2019-11-13', '2019-11-13', 'shh', '', '', '', '', '2019-11-13 15:29:42', '2020-07-01 13:12:03'),
(12, 4, 2, 'Hope', '2019-11-14', '2019-11-14', 'hope', '', '', '', '', '2019-11-13 15:34:53', '2020-07-01 13:13:10'),
(13, 4, 2, 'Two Vdo', '2019-11-13', '2019-11-13', 'two', 'two video', '', '', '', '2019-11-13 17:19:35', '2020-07-01 13:12:03'),
(14, 1, 2, 'Test Album 233', '2019-11-25', '2019-11-25', 'New Delhi India', 'just for testing3', '', '', '', '2019-11-13 18:19:39', '2020-07-01 13:12:27'),
(15, 1, 2, 'Test Album 2111211', '2019-11-25', '2019-11-25', 'New Delhi India', 'just for testing3', '', '', '', '2019-11-13 22:05:46', '2020-07-01 13:12:27'),
(16, 1, 2, 'Test Albumuehdn', '2019-11-25', '2019-11-25', 'New Delhi India', 'just for testing3', '', '', '', '2019-11-13 22:26:43', '2020-07-01 13:12:27'),
(17, 4, 2, 'Dgxgx', '2019-11-13', '2019-11-13', 'cgfgd', 'hfhf', '', '', '', '2019-11-13 22:27:04', '2020-07-01 13:12:03'),
(18, 5, 2, 'Aerp', '2019-11-17', '2019-11-17', 'Abhay', 'vgg', '', '', '', '2019-11-13 23:12:04', '2020-07-01 13:12:48'),
(19, 5, 2, 'Screen', '2019-11-13', '2019-11-13', 'screen', 'screen', '', '', '', '2019-11-13 23:14:14', '2020-07-01 13:12:03'),
(93, 18, NULL, 'saaaaa', '2019-11-25', '2019-11-25', 'New Delhi India', 'just for testing3', '', '', '', '2019-12-24 18:27:24', '2020-07-01 13:12:27'),
(94, 18, NULL, 'saaaaaa', '2019-11-25', '2019-11-25', 'New Delhi India', 'just for testing3', '', '', '', '2019-12-24 18:29:41', '2020-07-01 13:12:27'),
(95, 18, NULL, 'saaaaaaa', '2019-11-25', '2019-11-25', 'New Delhi India', 'just for testing3', '', '', '', '2019-12-24 18:29:56', '2020-07-01 13:12:27'),
(96, 18, NULL, 'saaaaaaaaaa', '2019-11-25', '2019-11-25', 'New Delhi India', 'just for testing3', '', '', '', '2019-12-24 18:32:41', '2020-07-01 13:12:27'),
(97, 18, NULL, 'saaaaaaaaaaa', '2019-11-25', '2019-11-25', 'New Delhi India', 'just for testing3', '', '', '', '2019-12-24 18:33:12', '2020-07-01 13:12:27'),
(98, 18, NULL, 'saaaaaaaaaaaa', '2019-11-25', '2019-11-25', 'New Delhi India', 'just for testing3', '', '', '', '2019-12-24 18:41:21', '2020-07-01 13:12:27'),
(99, 18, NULL, 'saaa', '2019-11-25', '2019-11-25', 'New Delhi India', 'just for testing3', '', '', '', '2019-12-24 18:42:23', '2020-07-01 13:12:27'),
(100, 18, NULL, 'saaaa', '2019-11-25', '2019-11-25', 'New Delhi India', 'just for testing3', '', '', '', '2019-12-24 18:45:33', '2020-07-01 13:12:27'),
(101, 18, NULL, 'da', '2019-11-25', '2019-11-25', 'New Delhi India', 'just for testing3', '', '', '', '2019-12-24 18:46:51', '2020-07-01 13:12:27'),
(104, 36, NULL, 'simran', '2019-12-26', '2019-12-26', 'Noida, Uttar Pradesh, India', 'simran des', 'Test 2', '1578396459ruppert_img_4754391181802555986.jpg', '1589529935158149309910197853431581493097623.jpg', '2019-12-26 21:16:03', '2020-07-01 13:13:27'),
(105, 36, NULL, 'Test', '2019-12-26', '2019-12-26', 'Noida, Uttar Pradesh, India', 'Test gujgjggi', 'Test 2', '1578396459ruppert_img_4754391181802555986.jpg', '', '2019-12-26 21:18:56', '2020-07-01 13:13:27'),
(107, 36, NULL, 'Hshsh', '2019-12-27', '2019-12-27', 'Ghaziabad', 'Hdhdhdhd', 'Test 2', '1578396459ruppert_img_4754391181802555986.jpg', '', '2019-12-27 14:25:08', '2020-07-01 13:17:49'),
(108, 36, NULL, 'Fhfjguguuggiig', '2019-12-27', '2019-12-27', 'Noida, Uttar Pradesh, India', 'Fjjhfhvhh', 'Test 2', '1578396459ruppert_img_4754391181802555986.jpg', '', '2019-12-27 14:34:40', '2020-07-01 13:17:49'),
(109, 36, NULL, 'Test Himanshu', '2013-12-25', '2013-12-25', 'Noida, Uttar Pradesh, India', 'Test album created by Himanshu Nagi', 'Narendra', '15784018601577355404990.jpg', '', '2019-12-27 14:51:47', '2020-07-01 13:17:49'),
(112, 36, NULL, 'Boat Party', '2019-08-25', '2019-08-25', 'lakesore', 'boat.party', 'Toronto carnival 2019', '157962798420190803_144015.jpg', '', '2019-12-31 20:30:49', '2020-07-01 13:17:49'),
(113, 35, NULL, 'Test Albumuehdn', '2019-11-25', '2019-11-25', 'New Delhi India', 'just for testing3', 'just for test sams', '1580117339Screenshot (1).png', '', '2020-01-03 15:23:14', '2020-07-01 13:12:27'),
(114, 36, NULL, 'New Album by sams', '2014-11-25', '2014-11-25', 'New Delhi India', 'just for test sams', 'T3et decs', '15783988611577367511764.jpg', '', '2020-01-06 15:50:23', '2020-07-01 13:17:49'),
(115, 36, NULL, 'Test Albumuehdn', '2019-11-25', '2019-11-25', 'New Delhi India', 'just for testing3', NULL, '', '', '2020-01-07 21:08:44', '2020-07-01 13:12:27'),
(116, 36, NULL, 'Naren', '2020-01-07', '2020-01-07', 'Noida, Uttar Pradesh, India', 'this is test album', 'Lorem ipsum, or lipsum as it is sometimes known, is dummy text used in laying out print, graphic or web designs. The passage is attributed to an unknown typesetter in the 15th century who is thought to have scrambled parts of Cicero\'s De Finibus Bonorum et Malorum for use in a type specimen book. It usually begins with:\n\n“Lorem ipsum dolor sit amet, consectetur adipiscing elit, sed do eiusmod tempor incididunt ut labore et dolore magna aliqua.”\n\nThe purpose of lorem ipsum is to create a natural looking block of text (sentence, paragraph, page, etc.) that doesn\'t distract from the layout. A practice not without controversy, laying out pages with meaningless filler text can be very useful when the focus is meant to be on design, not content.', '15786410881568819164335.jpg', '', '2020-01-07 21:09:01', '2020-07-01 13:17:49'),
(117, 36, NULL, 'New Album', '2020-01-08', '2020-01-08', 'Noida Sector 18, Noida, Uttar Pradesh, India', 'this is test album for jan2020', 'Lorem ipsum, or lipsum as it is sometimes known, is dummy text used in laying out print, graphic or web designs. The passage is attributed to an unknown typesetter in the 15th century who is thought to have scrambled parts of Cicero\'s De Finibus Bonorum et Malorum for use in a type specimen book. It usually begins with:\n\n“Lorem ipsum dolor sit amet, consectetur adipiscing elit, sed do eiusmod tempor incididunt ut labore et dolore magna aliqua.”\n\nThe purpose of lorem ipsum is to create a natural looking block of text (sentence, paragraph, page, etc.) that doesn\'t distract from the layout. A practice not without controversy, laying out pages with meaningless filler text can be very useful when the focus is meant to be on design, not content.', '15786410881568819164335.jpg', '', '2020-01-08 17:54:23', '2020-07-01 13:17:49'),
(118, 35, NULL, 'Test Albumuehdn1', '2019-11-26', '2019-11-26', 'New Delhi India', 'just for testing3', 'just for test sams', '1580117818Screenshot (1).png', '', '2020-01-16 15:02:19', '2020-07-01 13:17:49'),
(119, 35, NULL, 'Test Albumuehdn2', '2019-11-25', '2019-11-25', 'New Delhi India', 'just for testing3', 'just for test sams', '1580117339Screenshot (1).png', '', '2020-01-16 15:03:16', '2020-07-01 13:12:27'),
(120, 35, NULL, 'Test Albumuehdn3', '2019-11-25', '2019-11-25', 'New Delhi India', 'just for testing3', 'just for test sams', '1580117339Screenshot (1).png', '', '2020-01-16 15:05:56', '2020-07-01 13:12:27'),
(124, 36, NULL, 'Samsung Video', '2020-03-28', '2020-03-28', 'Noida, Uttar Pradesh, India', 'test samsung', 'Test', '1580377012IMG-20200129-WA0026.jpg', '', '2020-01-20 19:18:39', '2020-07-01 13:17:49'),
(125, 36, NULL, 'Video Tst', '2002-01-20', '2002-01-20', 'dehradun uttarakhand', 'test', 'Test test test test test test sazid', '1582030646time_line_cover.jpg', '', '2020-01-20 19:21:58', '2020-07-01 13:17:49'),
(126, 36, NULL, 'TEST BY MUSTAFA', '2019-08-03', '2019-08-03', '122 Lakeshore', 'carinval.weekend', 'Toronto carnival 2019', '157962798420190803_144015.jpg', '', '2020-01-22 01:26:56', '2020-07-01 13:17:49'),
(127, 9, NULL, 'FLA-VAHS BOAT PARTY', '2020-01-26', '2020-01-26', '333 Lakeshore east', 'aaaaaaaaaaaaaaa bbbbbbbbbbbb   ccccccccddddddddffffffffff gggggggghhhhhhhhhh jjjjjjjj kkkkk b uyttreewqsfhklmmb xdhopitsxhm vcydhbxcjn cssjbxssknmoogdxnhdxcnmvxs  ggszxvbbn  cxzsrtioppnngfxxzsb  nxxhk vccxxcyyreqvbnn lkmmbgcvbdsxchkgushensn test test    test', 'Aasdgjjrvubvdghcc  test ttttttttttgggggHHHHHHHHHHHHHHHHHHHHHHHHHHHHHHHHHHHHHHHHHHHHHHHHHHBBBBBBBB', '158007144520200121_121934.jpg', '', '2020-01-27 03:39:26', '2020-07-01 13:17:49'),
(128, 36, NULL, 'Ryrryr', '2010-01-08', '2010-01-08', 'Noida Sector 18, Noida, Uttar Pradesh, India', 'test', NULL, '', '', '2020-01-27 14:53:19', '2020-07-01 13:17:49'),
(134, 9, NULL, 'Summer Boat Ride', '2019-08-25', '2019-08-25', '333 Lakeshore rd east', 'best boat ride', 'Morning sunrise in Toronto', '158116703120190906_064613.jpg', '', '2020-01-28 21:11:49', '2020-07-01 13:17:49'),
(135, 9, NULL, 'FAL-VAH Boat Ride', '2019-08-25', '2019-08-25', '333 lakeshore', 'best boat ride', 'Morning sunrise in Toronto', '158116703120190906_064613.jpg', '', '2020-01-28 21:22:07', '2020-07-01 13:17:49'),
(136, 70, NULL, 'Test', '1996-01-29', '1996-01-29', 'pt', 'chcjfcj', NULL, '', '', '2020-01-29 21:40:48', '2020-07-01 13:17:49'),
(138, 72, NULL, 'Toto', '1965-01-02', '1965-01-02', 'Westpalm', '8gyfvub', 'Hhhhhh', '1580367395JPEG_20200107_232457_2451221696478362114.jpg', '', '2020-01-30 14:50:09', '2020-07-01 13:17:49'),
(139, 70, NULL, 'Test Video', '2020-01-30', '2020-01-30', 'Noida, Uttar Pradesh, India', 'uccjjvj', NULL, '', '', '2020-01-30 15:56:02', '2020-07-01 13:17:49'),
(140, 72, NULL, 'Tttt', '2014-01-10', '2014-01-10', 'Glas & Gebäudereinigung Kühn, Peitzer Straße, Frankfurt an der Oder, Germany', 'Gggcb', 'Tt', '1580377635IMG_20191017_180858.jpg', '', '2020-01-30 17:36:45', '2020-07-01 13:17:49'),
(141, 72, NULL, 'U', '2020-01-30', '2020-01-30', 'Tokyo, Japan', 'Hg', NULL, '', '', '2020-01-30 17:46:42', '2020-07-01 13:17:49'),
(142, 72, NULL, '55', '2020-01-02', '2020-01-02', 'TGI Fridays, Leicester Square, London, UK', '', 'Hhh', '1580461888JPEG_20200107_232534_113146782255345461.jpg', '', '2020-01-30 20:15:02', '2020-07-01 13:17:49'),
(150, 9, NULL, 'Super Bowl 54 Champions Kansas City Chiefs', '2020-02-02', '2020-02-02', 'Miami', 'super Bowl champions Kansas city chiefs', 'Super bowl 54th champions', '1582887730time_line_cover.jpg', '', '2020-02-08 12:30:13', '2020-07-01 13:17:49'),
(151, 9, NULL, 'Super bowl 54th Party', '2020-02-02', '2020-02-02', 'Miami', 'super bowl 54th after party', 'Super bowl 54th champions', '1582887730time_line_cover.jpg', '', '2020-02-08 20:57:48', '2020-07-01 13:17:49'),
(152, 36, NULL, 'So', '2020-02-01', '2020-02-01', 'Dummy Location', 'ychcch h', NULL, '', '', '2020-02-12 20:51:36', '2020-07-01 13:17:49'),
(153, 36, NULL, 'asfc', '2020-02-02', '2020-02-02', 'Dummy Location', 'asFCASAS', 'ABC test\nnew line', '1582114383IMG-20200219-WA0009.jpg', '', '2020-02-12 21:14:10', '2020-07-01 13:17:49'),
(154, 36, NULL, 'Test To Gallery', '2020-02-10', '2020-02-10', 'Dummy Location', 'this is test valbum', 'test\ntest', '1582114440IMG-20200216-WA0005.jpg', '', '2020-02-13 14:51:06', '2020-07-01 13:17:49'),
(155, 36, NULL, 'Abc', '2020-02-05', '2020-02-05', 'Dummy Location', 'asdf', 'Test test.\nthis is my test  for multiple line', '1582113432time_line_cover.jpg', '', '2020-02-13 19:35:06', '2020-07-01 13:17:49'),
(156, 80, NULL, 'Lamar Jackson', '2020-02-14', '2020-02-14', 'Dummy Location', '2020-2019 NFL MVP', 'Lamar Jackson  NFL MVP 2020-2019', '158172436320200214_173926.jpg', '', '2020-02-15 07:50:43', '2020-07-01 13:17:49'),
(157, 80, NULL, 'Patrick Mohames II', '2019-02-02', '2019-02-02', 'Dummy Location', 'Patrick Mohames II 2018-2019 NFL MVP', 'Patrick Mohames II 2018-2019 MVP', '158172500420200214_172413.jpg', '', '2020-02-15 08:01:46', '2020-07-01 13:17:49'),
(158, 80, NULL, 'Tom Brady', '2018-02-03', '2018-02-03', 'Dummy Location', 'Tom Brady 2017-2108 NFL MVP', 'Tom Brady NFL MVP 2017-2018', '158172547020200214_171514.jpg', '', '2020-02-15 08:10:25', '2020-07-01 13:17:49'),
(159, 32, NULL, 'Abc Thid This', '2020-02-18', '2020-02-18', 'Dummy Location', 'Abc Test 3 ufhc', 'test for multiline\nits first line\nits second\nthird', '1582114319IMG-20200219-WA0009.jpg', '1589544626IMG-20200514-WA0005.jpg', '2020-02-18 15:11:59', '2020-07-01 13:17:49'),
(160, 36, NULL, 'multiline', '2020-02-19', '2020-02-19', 'Dummy Location', 'this is multiple line \nthis is second line \nthis is third line', 'this is multiline\nthis is second line\nthis is third line\nhshsjdjjd\nhdhdhdjd\nhdhdhdhd\nhdhdhdjd\nhdhsh', '1582122138time_line_cover.jpg', '', '2020-02-19 19:57:52', '2020-07-01 13:17:49'),
(161, 36, NULL, 'Sbc121', '2020-02-28', '2020-02-28', 'Dummy Location', 'test', 'abc', '1582876886image-52614412-a4fd-4ec1-9f5f-cee101d6de86.jpg', '', '2020-02-28 16:00:36', '2020-07-01 13:17:49'),
(162, 36, NULL, 'March12', '2020-03-12', '2020-03-12', 'Dummy Location', 'test', 'test time line', '1584009330IMG-20200311-WA0000.jpg', '', '2020-03-12 06:39:26', '2020-07-01 13:17:49'),
(163, 36, NULL, 'Test Albumuehdn1', '2019-11-25', '2019-11-25', 'New Delhi India', 'just for testing3', NULL, '', '', '2020-03-12 10:22:56', '2020-07-01 13:12:27'),
(166, 36, NULL, 'March Demo', '2020-03-13', '2020-03-13', 'Dummy Location', 'demo', 'Tested', '1591611544TitleCover_image.jpg', '', '2020-03-13 08:58:15', '2020-07-01 13:14:20'),
(167, 36, NULL, 'Aaaa', '2020-03-13', '2020-03-13', 'Dummy Location', 'item', 'Tested', '1591611544TitleCover_image.jpg', '', '2020-03-13 09:03:02', '2020-07-01 13:14:20'),
(168, 36, NULL, 'T', '2020-05-09', '2020-05-09', 'Dummy Location', 't', 'test', '1584091683Screenshot_20200117-190048_One UI Home.jpg', '1589970865IMG-20200519-WA0000.jpg', '2020-03-13 09:11:10', '2020-07-01 13:17:49'),
(169, 36, NULL, 'R', '2020-04-28', '2020-04-28', 'Dummy Location', 'r test', 'test2 test', '1588094603IMG-20200427-WA0012.jpg', '', '2020-03-13 09:28:32', '2020-07-01 13:17:49'),
(170, 32, NULL, 'New Test Cover', '2020-03-28', '2020-03-28', 'Dummy Location', 'New Test Cover', 'test simran', '1589528552IMG-20200515-WA0011.jpg', '1589546112IMG-20200513-WA0017.jpg', '2020-03-28 15:12:21', '2020-07-01 13:17:49'),
(171, 9, NULL, 'Around The World', '2020-04-07', '2020-04-07', 'Dummy Location', 'Around the world', 'Mustafa pilot', '158630071620190630_110232.jpg', '', '2020-04-07 23:03:42', '2020-07-01 13:17:49'),
(172, 90, NULL, 'Thatz Showbiz Reno', '2020-04-08', '2020-04-08', 'Dummy Location', 'Pre construction', 'Thatz Showbiz Theatre Project', '1586345700Resized_20190731_133825_6848.jpeg', '', '2020-04-08 11:26:13', '2020-07-01 13:17:49'),
(173, 36, NULL, 'Test 2', '2020-05-13', '2020-05-13', 'Dummy Location', 'test', 'just for test sams harsh', '159075010906.png', '', '2020-04-28 09:13:33', '2020-07-01 13:17:49'),
(178, 36, NULL, 'Test Thbb', '2020-05-04', '2020-05-04', 'Dummy Location', 'tt tthcjcjcjcjcjcj', NULL, '', '1589550538time_line_cover.jpg', '2020-05-04 08:14:55', '2020-07-01 13:17:49'),
(179, 36, NULL, 'Harsh Ios', '2020-05-04', '2020-05-04', 'Dummy Location', 'tedt 2', NULL, '', '1589550562IMG-20200515-WA0025.jpg', '2020-05-04 08:17:18', '2020-07-01 13:17:49'),
(180, 36, NULL, 'Test 3 Test Test', '2020-05-04', '2020-05-04', 'Dummy Location', 'tt6 test edited tgb', NULL, '', '1589550474time_line_cover.jpg', '2020-05-04 08:18:13', '2020-07-01 13:17:49'),
(181, 92, NULL, 'My First Alblm', '2020-05-04', '2020-05-04', 'Dummy Location', 'lockdown', 'test', '1588593509IMG-20200502-WA0002.jpg', '', '2020-05-04 11:53:56', '2020-07-01 13:17:49'),
(182, 36, NULL, 'Test Harsh', '2020-05-07', '2020-05-07', 'Dummy Location', 'cup cake', 'just for test sams', '1591007073TitleCover_image.jpg', '', '2020-05-07 06:50:53', '2020-07-01 13:17:49'),
(185, 36, NULL, 'Tedt', '2020-05-07', '2020-05-07', 'Dummy Location', '', 'just for test sams', '1591007073TitleCover_image.jpg', '', '2020-05-25 16:44:44', '2020-07-01 13:17:49'),
(186, 36, NULL, 'test postman', '2019-11-25', '2019-11-25', 'New Delhi India', 'just for testing3', NULL, '', '', '2020-06-01 10:47:30', '2020-07-01 13:12:27'),
(187, 36, NULL, 'test postman 1', '2019-11-25', '2019-11-25', 'New Delhi India', 'just for testing3', NULL, '', '', '2020-06-01 11:00:38', '2020-07-01 13:12:27'),
(188, 36, NULL, 'test postman 2', '2019-11-25', '2019-11-25', 'Delhi', 'just for testing3', NULL, '', '', '2020-06-01 11:08:18', '2020-07-01 13:12:27'),
(189, 36, NULL, 'tag', '2020-06-01', '2020-06-01', 'Delhi', 'Ypsingh', 'First iOS uploaded', '1591012698TitleCover_image.jpg', '1591012732coverImage_image.jpg', '2020-06-01 11:55:19', '2020-07-01 13:17:04'),
(190, 36, NULL, 'again check', '2020-05-31', '2020-05-31', 'Delhi', 'Bday', NULL, '', '', '2020-06-01 13:42:41', '2020-07-01 13:16:48'),
(191, 36, NULL, '2 June album by harsh', '2020-06-02', '2020-06-02', 'Delhi', 'Check multiple', 'Check', '1591861928TitleCover_image.jpg', '', '2020-06-02 06:01:58', '2020-07-01 13:13:57'),
(192, 36, NULL, '2 June test different', '2020-06-02', '2020-06-02', 'Delhi', 'Need diff image', 'Check', '1591861928TitleCover_image.jpg', '', '2020-06-02 06:31:36', '2020-07-01 13:13:57'),
(193, 36, NULL, 'mobiles', '2020-06-02', '2020-06-02', 'Delhi', 'All flowers', 'Check', '1591861928TitleCover_image.jpg', '', '2020-06-02 06:39:36', '2020-07-01 13:08:18'),
(194, 9, NULL, 'Black Lives Matter', '2020-06-06', '2020-06-06', 'Dummy Location', 'Black lives matter. We cant breathe', 'Black lives matter.', '1591484832Screenshot_20200606-190747_Google.jpg', '', '2020-06-06 23:05:59', '2020-07-01 13:08:29'),
(195, 9, NULL, 'George Floyd', '2020-05-25', '2020-05-25', 'Dummy Location', 'George was murder by the Minneapolis police', NULL, '', '', '2020-06-06 23:50:08', '2020-07-01 13:08:33'),
(196, 36, NULL, 'New Al', '2020-03-13', '2020-03-13', 'Dummy Location', '', 'Tested', '1591611544TitleCover_image.jpg', '', '2020-06-08 04:34:32', '2020-07-01 13:14:20'),
(197, 36, NULL, 'Test 13 Bug', '2020-03-13', '2020-03-13', 'Dummy Location', 'test fec', 'Tested', '1591611544TitleCover_image.jpg', '1591611840coverImage_image.jpg', '2020-06-08 04:45:52', '2020-07-01 13:14:20'),
(198, 36, NULL, 'Abc3', '2020-06-10', '2020-06-10', 'Dummy Location', 'bchcc', NULL, '', '', '2020-06-11 11:59:34', '2020-07-01 13:16:23'),
(199, 36, NULL, 'hhlhkghh FL g  gg Cxkhhxgxjgvxjchbvz', '2020-06-12', '2020-06-12', 'Delhi', 'Djhjxjlgjhlh', NULL, '', '', '2020-06-12 08:10:28', '2020-07-01 13:16:04'),
(200, 36, NULL, 'Yup', '2020-06-12', '2020-06-12', 'Dummy Location', 'pandit', NULL, '', '', '2020-06-12 09:31:22', '2020-07-01 13:16:04'),
(201, 36, NULL, 'bugs testing', '2020-06-12', '2020-06-12', 'Delhi', 'Upload for bugs', NULL, '', '', '2020-06-12 09:43:34', '2020-07-01 13:16:04'),
(202, 36, NULL, 'again upload for bugs', '2020-06-12', '2020-06-12', 'Delhi', 'Preeti bugs test', NULL, '', '', '2020-06-12 09:46:46', '2020-07-01 13:16:04'),
(203, 36, NULL, 'new test', '2020-06-12', '2020-06-12', 'Delhi', 'Ddccvb', NULL, '', '', '2020-06-12 12:18:34', '2020-07-01 13:16:04'),
(204, 36, NULL, 'mill', '2020-06-17', '2020-06-17', 'Delhi', 'Mill detail\'s', 'Updates', '1592459485Cover.jpg', '1592399742time_line_cover.jpg', '2020-06-17 09:40:38', '2020-07-01 13:15:46'),
(205, 36, NULL, 'Dragon', '2020-06-18', '2020-06-18', 'Dummy Location', 'how to train your dragon', 'how to train your dragon', '1592460979Cover.jpg', '', '2020-06-18 05:52:48', '2020-07-01 13:15:32'),
(206, 36, NULL, 'Resident Evil4', '2020-06-17', '2020-06-17', 'Dummy Location', 'rwsident evil 4', NULL, '', '', '2020-06-18 05:53:40', '2020-07-01 13:15:46'),
(207, 36, NULL, '18 June', '2020-06-18', '2020-06-18', 'Delhi', 'Check', NULL, '', '', '2020-06-18 09:00:55', '2020-07-01 13:15:32'),
(208, 36, NULL, '19June', '2020-06-19', '2020-06-19', 'Delhi', 'Three images', 'Cover', '1592563313TitleCover_image.jpg', '1592563383coverImage_image.jpg', '2020-06-19 10:29:52', '2020-07-01 13:15:14'),
(209, 36, NULL, 'DSM', '2020-06-19', '2020-06-19', 'Delhi', 'DSM all pics', NULL, '', '', '2020-06-19 12:04:56', '2020-07-01 13:15:14'),
(210, 36, NULL, 'Drogon Hunter', '2020-06-22', '2020-06-22', 'Dummy Location', 'some description\'s must be here', 'ggghhh', '1592830840IMG-20200622-WA0022.jpg', '', '2020-06-22 12:35:36', '2020-07-01 13:14:55'),
(211, 36, NULL, '1ist', '2020-06-22', '2020-06-22', 'Dummy Location', 'unknow', 'ggghhh', '1592830840IMG-20200622-WA0022.jpg', '', '2020-06-22 12:36:52', '2020-07-01 13:14:55'),
(212, 36, NULL, 'Er', '2020-06-17', '2020-06-17', 'Dummy Location', '1fdfc', NULL, '', '', '2020-06-22 12:59:03', '2020-07-01 13:15:46'),
(213, 36, NULL, '2nd', '2020-06-22', '2020-06-22', 'Dummy Location', '2nd descriptin', NULL, '', '', '2020-06-22 14:06:08', '2020-07-01 13:14:55'),
(214, 36, NULL, 'Time Line Test', '2020-06-22', '2020-06-22', 'Dummy Location', 'testing description\'s', NULL, '', '', '2020-06-22 14:14:58', '2020-07-01 13:14:55'),
(215, 36, NULL, 'New Testing Album', '2020-06-23', '2020-06-23', 'Dummy Location', 'new testing description\'s', 'test', '159361488315262020121503.jpg', '', '2020-06-23 06:07:03', '2020-07-01 14:48:03'),
(216, 36, NULL, 'Album Testing 123', '2020-06-23', '2020-06-23', 'Dummy Location', 'enter some details', 'test', '159361488315262020121503.jpg', '', '2020-06-23 06:09:11', '2020-07-01 14:48:03'),
(217, 36, NULL, 'Cover Image Testing', '2020-06-23', '2020-06-23', 'Dummy Location', 'mpl', 'test', '159361488315262020121503.jpg', '', '2020-06-23 06:11:56', '2020-07-01 14:48:03'),
(221, 36, NULL, 'Test Time Line', '2020-06-29', '2020-06-23', 'Dummy Location', 'Fhhfhfhf', 'test', '159361488315262020121503.jpg', '1593611140images (1).jpeg', '2020-07-01 13:31:00', '2020-07-01 14:48:03'),
(222, 36, NULL, 'Test 3', '2020-06-11', '2020-06-23', 'Dummy Location', 'tedyvvh', 'test', '159361488315262020121503.jpg', '159361247945182020064551.jpg', '2020-07-01 14:06:53', '2020-07-01 14:48:03'),
(223, 36, NULL, 'Test Save Album', '2020-06-18', '2020-06-23', 'Dummy Location', '', 'test', '159361488315262020121503.jpg', '', '2020-07-01 14:24:49', '2020-07-01 14:48:03'),
(224, 36, NULL, 'Ttt1', '2020-06-08', '2020-06-23', 'Dummy Location', 'fhhcfhg', 'test', '159361488315262020121503.jpg', '', '2020-07-01 14:40:22', '2020-07-01 14:48:03'),
(226, 36, NULL, 'Test To Check Timeline Cover', '2020-06-24', '2020-06-23', 'Dummy Location', '', NULL, '', '', '2020-07-01 14:48:36', '2020-07-01 14:48:36');

-- --------------------------------------------------------

--
-- Table structure for table `albums_views`
--

CREATE TABLE `albums_views` (
  `id` int(11) NOT NULL,
  `album_id` int(11) DEFAULT NULL,
  `album_media_id` int(11) DEFAULT NULL,
  `user_id` int(11) NOT NULL,
  `created_at` datetime NOT NULL,
  `updated_at` datetime NOT NULL
) ENGINE=InnoDB DEFAULT CHARSET=latin1;

--
-- Dumping data for table `albums_views`
--

INSERT INTO `albums_views` (`id`, `album_id`, `album_media_id`, `user_id`, `created_at`, `updated_at`) VALUES
(1, 12, 15, 36, '2020-01-28 13:26:04', '2020-01-28 13:26:04'),
(2, 131, NULL, 36, '2020-01-29 06:03:57', '2020-01-29 06:03:57'),
(3, 131, 122, 36, '2020-01-29 06:03:59', '2020-01-29 06:03:59'),
(4, 103, 3, 36, '2020-01-29 09:51:18', '2020-01-29 09:51:18'),
(6, 133, 136, 36, '2020-01-29 09:58:48', '2020-01-29 09:58:48'),
(7, 133, 135, 36, '2020-01-29 10:04:03', '2020-01-29 10:04:03'),
(8, 133, 137, 36, '2020-01-29 10:04:30', '2020-01-29 10:04:30'),
(9, 133, 134, 36, '2020-01-29 10:04:36', '2020-01-29 10:04:36'),
(10, 136, NULL, 70, '2020-01-29 13:40:55', '2020-01-29 13:40:55'),
(11, 138, NULL, 72, '2020-01-30 08:00:54', '2020-01-30 08:00:54'),
(12, 127, NULL, 9, '2020-01-31 15:46:15', '2020-01-31 15:46:15'),
(15, 125, NULL, 32, '2020-02-13 05:47:07', '2020-02-13 05:47:07'),
(16, 125, 57, 32, '2020-02-13 05:47:31', '2020-02-13 05:47:31'),
(17, 125, 56, 32, '2020-02-13 05:47:35', '2020-02-13 05:47:35'),
(18, 125, 55, 32, '2020-02-13 05:47:37', '2020-02-13 05:47:37'),
(19, 124, 126, 32, '2020-02-13 05:48:48', '2020-02-13 05:48:48'),
(20, 156, NULL, 80, '2020-02-15 00:04:01', '2020-02-15 00:04:01'),
(21, 151, 204, 36, '2020-02-17 09:37:43', '2020-02-17 09:37:43'),
(22, 151, 205, 36, '2020-02-17 09:37:45', '2020-02-17 09:37:45'),
(23, 151, 206, 36, '2020-02-17 09:37:46', '2020-02-17 09:37:46'),
(24, 151, 207, 36, '2020-02-17 09:37:47', '2020-02-17 09:37:47'),
(25, 158, 256, 9, '2020-02-17 13:54:54', '2020-02-17 13:54:54'),
(26, 158, 257, 9, '2020-02-17 13:54:57', '2020-02-17 13:54:57'),
(27, 158, 255, 9, '2020-02-17 13:55:02', '2020-02-17 13:55:02'),
(28, 158, 254, 9, '2020-02-17 13:55:03', '2020-02-17 13:55:03'),
(29, 158, 253, 9, '2020-02-17 13:55:05', '2020-02-17 13:55:05'),
(30, 157, 249, 9, '2020-02-17 13:55:33', '2020-02-17 13:55:33'),
(31, 157, 250, 9, '2020-02-17 13:55:35', '2020-02-17 13:55:35'),
(32, 157, 251, 9, '2020-02-17 13:55:37', '2020-02-17 13:55:37'),
(33, 157, 252, 9, '2020-02-17 13:55:39', '2020-02-17 13:55:39'),
(34, 157, 248, 9, '2020-02-17 13:55:45', '2020-02-17 13:55:45'),
(35, 157, 247, 9, '2020-02-17 13:55:47', '2020-02-17 13:55:47'),
(36, 157, 246, 9, '2020-02-17 13:55:53', '2020-02-17 13:55:53'),
(37, 157, 245, 9, '2020-02-17 13:55:54', '2020-02-17 13:55:54'),
(38, 157, 244, 9, '2020-02-17 13:55:58', '2020-02-17 13:55:58'),
(39, 157, 243, 9, '2020-02-17 13:56:01', '2020-02-17 13:56:01'),
(40, 157, 242, 9, '2020-02-17 13:56:03', '2020-02-17 13:56:03'),
(41, 157, 241, 9, '2020-02-17 13:56:05', '2020-02-17 13:56:05'),
(42, 157, 240, 9, '2020-02-17 13:56:07', '2020-02-17 13:56:07'),
(43, 157, 239, 9, '2020-02-17 13:56:09', '2020-02-17 13:56:09'),
(44, 157, 238, 9, '2020-02-17 13:56:11', '2020-02-17 13:56:11'),
(45, 157, 237, 9, '2020-02-17 13:56:14', '2020-02-17 13:56:14'),
(46, 157, 236, 9, '2020-02-17 13:56:15', '2020-02-17 13:56:15'),
(47, 156, 223, 9, '2020-02-17 13:56:38', '2020-02-17 13:56:38'),
(48, 156, 224, 9, '2020-02-17 13:56:40', '2020-02-17 13:56:40'),
(49, 156, 222, 9, '2020-02-17 13:56:45', '2020-02-17 13:56:45'),
(50, 156, 221, 9, '2020-02-17 13:56:47', '2020-02-17 13:56:47'),
(51, 156, 220, 9, '2020-02-17 13:56:49', '2020-02-17 13:56:49'),
(52, 156, 225, 9, '2020-02-17 13:56:57', '2020-02-17 13:56:57'),
(53, 156, 226, 9, '2020-02-17 13:56:59', '2020-02-17 13:56:59'),
(54, 156, 227, 9, '2020-02-17 13:57:03', '2020-02-17 13:57:03'),
(55, 156, 228, 9, '2020-02-17 13:57:05', '2020-02-17 13:57:05'),
(56, 156, 229, 9, '2020-02-17 13:57:07', '2020-02-17 13:57:07'),
(57, 156, 230, 9, '2020-02-17 13:57:10', '2020-02-17 13:57:10'),
(58, 156, 231, 9, '2020-02-17 13:57:12', '2020-02-17 13:57:12'),
(59, 156, 232, 9, '2020-02-17 13:57:15', '2020-02-17 13:57:15'),
(60, 156, 233, 9, '2020-02-17 13:57:18', '2020-02-17 13:57:18'),
(61, 156, 234, 9, '2020-02-17 13:57:20', '2020-02-17 13:57:20'),
(62, 156, 235, 9, '2020-02-17 13:57:23', '2020-02-17 13:57:23'),
(63, 157, 237, 36, '2020-02-18 07:31:07', '2020-02-18 07:31:07'),
(64, 157, 238, 36, '2020-02-18 07:31:10', '2020-02-18 07:31:10'),
(65, 157, 239, 36, '2020-02-18 07:31:10', '2020-02-18 07:31:10'),
(66, 157, 240, 36, '2020-02-18 07:31:11', '2020-02-18 07:31:11'),
(67, 157, 241, 36, '2020-02-18 07:31:12', '2020-02-18 07:31:12'),
(68, 157, 242, 36, '2020-02-18 07:31:13', '2020-02-18 07:31:13'),
(69, 157, 243, 36, '2020-02-18 07:31:14', '2020-02-18 07:31:14'),
(70, 157, 244, 36, '2020-02-18 07:31:15', '2020-02-18 07:31:15'),
(71, 159, 259, 36, '2020-02-28 07:58:24', '2020-02-28 07:58:24'),
(72, 158, 253, 36, '2020-03-12 06:40:53', '2020-03-12 06:40:53'),
(73, 165, 268, 32, '2020-03-12 10:38:30', '2020-03-12 10:38:30'),
(74, 172, NULL, 90, '2020-04-08 11:28:04', '2020-04-08 11:28:04'),
(75, 171, 282, 36, '2020-04-30 15:57:20', '2020-04-30 15:57:20'),
(76, 171, 279, 36, '2020-04-30 15:57:30', '2020-04-30 15:57:30'),
(77, 171, 284, 36, '2020-04-30 15:57:39', '2020-04-30 15:57:39'),
(78, 171, 283, 36, '2020-05-01 05:41:07', '2020-05-01 05:41:07'),
(79, 168, 303, 36, '2020-05-01 07:09:03', '2020-05-01 07:09:03'),
(80, 168, 305, 36, '2020-05-01 07:09:06', '2020-05-01 07:09:06'),
(81, 171, 281, 36, '2020-05-01 07:09:34', '2020-05-01 07:09:34'),
(82, 171, 280, 36, '2020-05-01 07:09:51', '2020-05-01 07:09:51'),
(83, 150, 183, 36, '2020-05-01 12:42:05', '2020-05-01 12:42:05'),
(84, 150, 184, 36, '2020-05-01 12:42:06', '2020-05-01 12:42:06'),
(85, 150, 185, 36, '2020-05-01 12:42:09', '2020-05-01 12:42:09'),
(86, 150, 186, 36, '2020-05-01 12:42:11', '2020-05-01 12:42:11'),
(87, 150, 187, 36, '2020-05-01 12:42:12', '2020-05-01 12:42:12'),
(88, 150, 188, 36, '2020-05-01 12:42:15', '2020-05-01 12:42:15'),
(89, 150, 189, 36, '2020-05-01 12:42:19', '2020-05-01 12:42:19'),
(90, 150, 203, 36, '2020-05-01 12:42:31', '2020-05-01 12:42:31'),
(91, 181, NULL, 92, '2020-05-04 12:36:24', '2020-05-04 12:36:24'),
(92, 135, NULL, 88, '2020-05-06 05:37:45', '2020-05-06 05:37:45'),
(93, 168, 302, 32, '2020-05-09 15:58:19', '2020-05-09 15:58:19'),
(94, 168, 307, 32, '2020-05-09 15:58:24', '2020-05-09 15:58:24'),
(95, 168, 308, 32, '2020-05-09 15:58:26', '2020-05-09 15:58:26'),
(96, 168, 321, 32, '2020-05-09 15:58:29', '2020-05-09 15:58:29'),
(97, 168, 301, 32, '2020-05-09 15:58:40', '2020-05-09 15:58:40'),
(98, 171, 278, 36, '2020-05-09 16:00:32', '2020-05-09 16:00:32'),
(99, 12, 15, 81, '2020-05-14 07:29:58', '2020-05-14 07:29:58'),
(100, 134, 141, 36, '2020-05-14 08:38:18', '2020-05-14 08:38:18'),
(101, 134, 328, 36, '2020-05-14 08:38:19', '2020-05-14 08:38:19'),
(102, 134, 140, 36, '2020-05-14 08:38:26', '2020-05-14 08:38:26'),
(103, 134, 139, 36, '2020-05-14 08:38:35', '2020-05-14 08:38:35'),
(104, 134, 138, 36, '2020-05-14 08:38:36', '2020-05-14 08:38:36'),
(105, 134, 329, 36, '2020-05-14 08:38:38', '2020-05-14 08:38:38'),
(106, 134, 330, 36, '2020-05-14 08:38:39', '2020-05-14 08:38:39'),
(107, 134, 331, 36, '2020-05-14 08:38:39', '2020-05-14 08:38:39'),
(110, 121, NULL, 36, '2020-05-15 07:13:28', '2020-05-15 07:13:28'),
(111, 183, NULL, 36, '2020-05-15 07:15:20', '2020-05-15 07:15:20'),
(113, 121, 1, 36, '2020-05-15 07:17:16', '2020-05-15 07:17:16'),
(114, 183, NULL, 32, '2020-05-15 07:39:29', '2020-05-15 07:39:29'),
(115, 168, NULL, 32, '2020-05-15 07:40:05', '2020-05-15 07:40:05'),
(116, 168, 341, 32, '2020-05-15 07:40:50', '2020-05-15 07:40:50'),
(117, 182, NULL, 32, '2020-05-15 07:41:20', '2020-05-15 07:41:20'),
(118, 168, NULL, 36, '2020-05-15 12:04:54', '2020-05-15 12:04:54'),
(119, 159, NULL, 32, '2020-05-15 12:11:58', '2020-05-15 12:11:58'),
(120, 170, NULL, 32, '2020-05-15 12:34:09', '2020-05-15 12:34:09'),
(121, 180, NULL, 36, '2020-05-15 13:47:16', '2020-05-15 13:47:16'),
(122, 159, NULL, 36, '2020-05-19 06:23:18', '2020-05-19 06:23:18'),
(123, 170, NULL, 36, '2020-05-19 06:43:51', '2020-05-19 06:43:51'),
(124, 156, NULL, 36, '2020-05-19 06:58:15', '2020-05-19 06:58:15'),
(125, 167, NULL, 36, '2020-05-19 14:07:22', '2020-05-19 14:07:22'),
(126, 151, NULL, 36, '2020-05-19 14:23:24', '2020-05-19 14:23:24'),
(127, 150, NULL, 36, '2020-05-19 14:40:44', '2020-05-19 14:40:44'),
(128, 135, NULL, 9, '2020-05-20 01:02:14', '2020-05-20 01:02:14'),
(129, 134, NULL, 9, '2020-05-20 01:02:36', '2020-05-20 01:02:36'),
(130, 151, NULL, 9, '2020-05-20 01:03:14', '2020-05-20 01:03:14'),
(131, 150, NULL, 9, '2020-05-20 01:11:01', '2020-05-20 01:11:01'),
(132, 182, NULL, 36, '2020-05-20 10:45:16', '2020-05-20 10:45:16'),
(133, 157, NULL, 9, '2020-05-31 19:55:01', '2020-05-31 19:55:01'),
(134, 156, NULL, 9, '2020-06-01 03:36:05', '2020-06-01 03:36:05'),
(135, 158, NULL, 9, '2020-06-01 03:36:42', '2020-06-01 03:36:42'),
(136, 194, NULL, 9, '2020-06-06 23:06:22', '2020-06-06 23:06:22'),
(137, 196, NULL, 36, '2020-06-08 04:34:50', '2020-06-08 04:34:50'),
(138, 197, NULL, 36, '2020-06-08 04:46:07', '2020-06-08 04:46:07'),
(139, 127, NULL, 36, '2020-06-08 04:55:06', '2020-06-08 04:55:06'),
(140, 194, NULL, 36, '2020-06-08 04:57:54', '2020-06-08 04:57:54'),
(141, 195, NULL, 36, '2020-06-08 04:58:33', '2020-06-08 04:58:33'),
(142, 134, NULL, 36, '2020-06-08 05:05:02', '2020-06-08 05:05:02'),
(143, 135, NULL, 36, '2020-06-08 05:05:15', '2020-06-08 05:05:15'),
(144, 171, NULL, 9, '2020-06-11 02:13:35', '2020-06-11 02:13:35'),
(145, 198, NULL, 36, '2020-06-11 11:59:43', '2020-06-11 11:59:43'),
(146, 200, NULL, 36, '2020-06-12 09:31:51', '2020-06-12 09:31:51'),
(147, 125, NULL, 36, '2020-06-12 14:18:08', '2020-06-12 14:18:08'),
(148, 173, NULL, 36, '2020-06-16 10:21:48', '2020-06-16 10:21:48'),
(149, 160, NULL, 36, '2020-06-16 10:24:46', '2020-06-16 10:24:46'),
(150, 117, NULL, 36, '2020-06-16 10:25:48', '2020-06-16 10:25:48'),
(151, 203, NULL, 36, '2020-06-17 10:51:32', '2020-06-17 10:51:32'),
(152, 205, NULL, 36, '2020-06-18 06:17:11', '2020-06-18 06:17:11'),
(153, 210, NULL, 36, '2020-06-22 12:35:54', '2020-06-22 12:35:54'),
(154, 211, NULL, 36, '2020-06-22 12:39:23', '2020-06-22 12:39:23'),
(155, 213, NULL, 36, '2020-06-22 14:12:48', '2020-06-22 14:12:48'),
(156, 214, NULL, 36, '2020-06-22 14:15:17', '2020-06-22 14:15:17'),
(157, 217, NULL, 36, '2020-06-23 10:23:34', '2020-06-23 10:23:34'),
(158, 216, NULL, 36, '2020-06-23 11:26:18', '2020-06-23 11:26:18'),
(159, 215, NULL, 36, '2020-06-23 11:36:38', '2020-06-23 11:36:38'),
(160, 219, NULL, 36, '2020-07-01 12:57:46', '2020-07-01 12:57:46'),
(161, 221, NULL, 36, '2020-07-01 13:45:20', '2020-07-01 13:45:20'),
(162, 222, NULL, 36, '2020-07-01 14:07:37', '2020-07-01 14:07:37'),
(163, 223, NULL, 36, '2020-07-01 14:34:57', '2020-07-01 14:34:57'),
(164, 224, NULL, 36, '2020-07-01 14:40:42', '2020-07-01 14:40:42'),
(165, 225, NULL, 36, '2020-07-01 14:49:33', '2020-07-01 14:49:33'),
(166, 226, NULL, 36, '2020-07-24 11:11:41', '2020-07-24 11:11:41');

-- --------------------------------------------------------

--
-- Table structure for table `cities`
--

CREATE TABLE `cities` (
  `city_id` int(11) NOT NULL,
  `city_name` varchar(30) COLLATE utf8_unicode_ci NOT NULL,
  `state_id` int(11) NOT NULL,
  `status` tinyint(1) NOT NULL DEFAULT '1' COMMENT '0:Blocked, 1:Active'
) ENGINE=InnoDB DEFAULT CHARSET=utf8 COLLATE=utf8_unicode_ci;

--
-- Dumping data for table `cities`
--

INSERT INTO `cities` (`city_id`, `city_name`, `state_id`, `status`) VALUES
(1, 'Kalka G', 1, 1),
(2, 'Badarpur', 1, 1),
(3, 'Noida', 2, 1),
(4, 'M1', 3, 1),
(5, 'Al Samha', 4, 1),
(6, 'Vaughan', 5, 1),
(7, 'Noida', 2, 1),
(8, 'Noida', 2, 1),
(9, 'Badarpur', 1, 1),
(10, 'Noida', 2, 1),
(11, 'Noida', 2, 1),
(12, 'Noida', 2, 1),
(13, 'Ghaziabad', 2, 1),
(14, 'Edmonton', 6, 1),
(15, 'Vaughan', 5, 1),
(16, 'Dhampur', 2, 1),
(17, 'Dhampur', 2, 1),
(18, 'Hargeysa', 7, 1),
(19, 'Pass@123', 8, 1),
(20, 'asdfgh', 9, 1),
(21, 'zxcvbn', 10, 1),
(22, 'sham our', 11, 1),
(23, 'kuch bei daal', 12, 1),
(24, 'test address', 13, 1),
(25, 'Dhampur', 14, 1),
(26, 'sham our yup', 15, 1),
(27, 'test', 16, 1),
(28, 'noida', 17, 1),
(29, 'Dhampur', 2, 1),
(30, 'Ghaziabad', 2, 1),
(31, 'Mountain View', 18, 1);

-- --------------------------------------------------------

--
-- Table structure for table `complaint_report`
--

CREATE TABLE `complaint_report` (
  `id` int(11) NOT NULL,
  `user_id` int(11) NOT NULL,
  `media_id` int(11) NOT NULL,
  `reports` varchar(100) NOT NULL,
  `created_at` datetime NOT NULL,
  `updated_at` datetime NOT NULL
) ENGINE=InnoDB DEFAULT CHARSET=latin1;

--
-- Dumping data for table `complaint_report`
--

INSERT INTO `complaint_report` (`id`, `user_id`, `media_id`, `reports`, `created_at`, `updated_at`) VALUES
(1, 3, 9, 'issuessss', '2020-01-16 10:58:33', '2020-01-16 10:58:33'),
(2, 3, 6, 'issuessss', '2020-01-16 10:58:38', '2020-01-16 10:58:38'),
(3, 5, 6, 'issuessss', '2020-01-16 10:58:42', '2020-01-16 10:58:42'),
(4, 1, 1, 'newss', '2020-01-16 11:40:02', '2020-01-16 11:40:02'),
(5, 36, 35, 'Respecting intellectual property', '2020-01-16 12:18:43', '2020-01-16 12:19:00'),
(6, 36, 55, 'Integrity and authenticity', '2020-01-21 12:09:39', '2020-01-21 12:09:39'),
(7, 5, 9, 'bugss', '2020-01-16 00:00:00', '2020-01-24 00:00:00'),
(9, 5, 10, 'bugss', '2020-01-16 00:00:00', '2020-01-24 00:00:00'),
(11, 32, 122, 'Violation of copyright', '2020-01-29 06:04:14', '2020-01-29 06:04:14'),
(12, 32, 2, 'bugss', '2020-01-30 00:00:00', '0000-00-00 00:00:00'),
(25, 9, 283, 'Safety', '2020-05-01 05:41:14', '2020-05-01 05:41:14'),
(26, 9, 207, 'Objectionable content', '2020-05-03 14:17:46', '2020-05-03 14:17:46');

-- --------------------------------------------------------

--
-- Table structure for table `countries`
--

CREATE TABLE `countries` (
  `country_id` int(11) NOT NULL,
  `country_name` varchar(30) CHARACTER SET utf8 NOT NULL,
  `status` tinyint(1) NOT NULL DEFAULT '1' COMMENT '0:Blocked, 1:Active'
) ENGINE=InnoDB DEFAULT CHARSET=utf8 COLLATE=utf8_unicode_ci;

--
-- Dumping data for table `countries`
--

INSERT INTO `countries` (`country_id`, `country_name`, `status`) VALUES
(1, 'India', 1),
(2, 'Oman', 1),
(3, 'Dubai', 1),
(4, 'Canada', 1),
(5, 'Somalia', 1),
(6, 'Pass@123', 1),
(7, 'asdfgh', 1),
(8, 'zxcvbn', 1),
(9, 'sham our', 1),
(10, 'kuch bei daal', 1),
(11, 'test address', 1),
(12, 'भारत', 1),
(13, 'sham our yup', 1),
(14, 'test', 1),
(15, 'noida', 1),
(16, 'United States', 1);

-- --------------------------------------------------------

--
-- Table structure for table `followers`
--

CREATE TABLE `followers` (
  `id` bigint(20) NOT NULL,
  `following_id` bigint(20) UNSIGNED NOT NULL COMMENT 'follow_to',
  `follower_id` bigint(20) UNSIGNED NOT NULL COMMENT 'follow_by',
  `status` tinyint(1) NOT NULL DEFAULT '1' COMMENT 'follow - 1 unfollow-0 accept-2, reject-3',
  `created_at` timestamp NULL DEFAULT CURRENT_TIMESTAMP,
  `updated_at` timestamp NULL DEFAULT NULL ON UPDATE CURRENT_TIMESTAMP
) ENGINE=InnoDB DEFAULT CHARSET=latin1;

--
-- Dumping data for table `followers`
--

INSERT INTO `followers` (`id`, `following_id`, `follower_id`, `status`, `created_at`, `updated_at`) VALUES
(1, 35, 32, 0, '2020-01-09 20:29:45', '2020-02-04 20:08:27'),
(2, 35, 59, 2, '2020-01-09 20:38:26', '2020-01-22 11:06:05'),
(3, 59, 36, 1, '2020-01-09 20:38:55', '2020-05-08 10:46:22'),
(4, 32, 36, 1, '2020-01-16 14:50:25', '2020-06-12 14:41:08'),
(5, 36, 32, 1, '2020-01-27 19:12:25', '2020-06-12 14:37:45'),
(17, 45, 32, 1, '2020-02-04 20:01:18', '2020-02-04 20:01:18'),
(18, 43, 32, 1, '2020-02-04 20:05:45', '2020-02-04 20:05:45'),
(30, 33, 36, 1, '2020-02-17 13:57:27', '2020-02-17 13:57:27'),
(31, 59, 35, 1, '2020-02-17 14:24:36', '2020-02-17 14:24:36'),
(35, 80, 35, 1, '2020-02-17 14:52:48', '2020-02-17 14:52:48'),
(36, 80, 36, 1, '2020-02-17 15:04:34', '2020-05-08 11:58:41'),
(37, 9, 32, 1, '2020-02-17 18:40:29', '2020-02-17 18:40:29'),
(38, 80, 9, 1, '2020-02-17 21:52:41', '2020-05-02 14:32:26'),
(39, 1, 36, 1, '2020-02-28 16:06:35', '2020-02-28 16:06:35'),
(40, 29, 36, 1, '2020-03-30 12:12:12', '2020-03-30 12:12:12'),
(41, 59, 32, 0, '2020-03-30 12:38:48', '2020-03-31 12:47:28'),
(42, 1, 32, 1, '2020-03-31 14:47:43', '2020-05-04 08:43:38'),
(43, 36, 36, 1, '2020-04-20 14:35:27', '2020-06-12 14:34:23'),
(44, 36, 9, 3, '2020-05-02 15:41:26', '2020-05-11 10:15:46'),
(45, 36, 92, 2, '2020-05-04 12:00:24', '2020-05-11 09:00:34'),
(46, 46, 36, 1, '2020-05-11 06:24:53', '2020-06-12 08:07:28'),
(47, 57, 36, 1, '2020-05-29 12:14:06', '2020-06-12 08:13:18'),
(48, 45, 36, 1, '2020-06-10 10:35:21', '2020-06-12 08:08:19'),
(49, 47, 36, 1, '2020-06-11 08:24:55', '2020-06-11 08:24:55'),
(50, 88, 36, 1, '2020-06-12 08:13:12', '2020-06-12 08:13:19'),
(57, 92, 36, 2, '2020-06-17 07:03:32', '2020-06-17 07:03:32'),
(58, 82, 36, 2, '2020-06-17 13:13:13', '2020-06-17 13:13:13');

-- --------------------------------------------------------

--
-- Table structure for table `migrations`
--

CREATE TABLE `migrations` (
  `id` int(10) UNSIGNED NOT NULL,
  `migration` varchar(255) COLLATE utf8mb4_unicode_ci NOT NULL,
  `batch` int(11) NOT NULL
) ENGINE=InnoDB DEFAULT CHARSET=utf8mb4 COLLATE=utf8mb4_unicode_ci;

-- --------------------------------------------------------

--
-- Table structure for table `newsfeed`
--

CREATE TABLE `newsfeed` (
  `id` int(11) NOT NULL,
  `user_id` int(10) NOT NULL,
  `note` varchar(255) NOT NULL,
  `description` text NOT NULL,
  `album_id` int(11) DEFAULT NULL,
  `status` int(11) NOT NULL DEFAULT '1',
  `created_at` datetime NOT NULL,
  `updated_at` datetime NOT NULL
) ENGINE=InnoDB DEFAULT CHARSET=latin1;

--
-- Dumping data for table `newsfeed`
--

INSERT INTO `newsfeed` (`id`, `user_id`, `note`, `description`, `album_id`, `status`, `created_at`, `updated_at`) VALUES
(1, 35, 'samsrules has created a media.', 'samsrules has created a media.', 21, 1, '2020-01-22 10:43:16', '2020-01-22 10:43:16'),
(2, 9, ' has created a album FLA-VAHS BOAT PARTY', ' has created a album FLA-VAHS BOAT PARTY', 127, 1, '2020-01-26 19:39:26', '2020-01-26 19:39:26'),
(3, 36, 'Himanshu has created a album Ryrryr', 'Himanshu has created a album Ryrryr', 128, 1, '2020-01-27 06:53:19', '2020-01-27 06:53:19'),
(4, 36, 'Himanshu has created a album Test Album', 'Himanshu has created a album Test Album', 129, 1, '2020-01-27 09:33:34', '2020-01-27 09:33:34'),
(5, 36, 'Himanshu has created a album Test 8', 'Himanshu has created a album Test 8', 130, 1, '2020-01-27 09:35:03', '2020-01-27 09:35:03'),
(6, 32, 'Ajay has created a album Test', 'Ajay has created a album Test', 131, 1, '2020-01-27 11:13:40', '2020-01-27 11:13:40'),
(7, 36, 'Himanshu has created a media.', 'Himanshu has created a media.', 130, 1, '2020-01-27 12:36:28', '2020-01-27 12:36:28'),
(8, 36, 'Himanshu has created a media.', 'Himanshu has created a media.', 130, 1, '2020-01-27 12:44:34', '2020-01-27 12:44:34'),
(9, 36, 'Himanshu has created a media.', 'Himanshu has created a media.', 130, 1, '2020-01-27 12:45:14', '2020-01-27 12:45:14'),
(10, 36, 'Himanshu has created a media.', 'Himanshu has created a media.', 124, 1, '2020-01-28 11:30:45', '2020-01-28 11:30:45'),
(11, 36, 'Himanshu has created a album Test Al', 'Himanshu has created a album Test Al', 132, 1, '2020-01-28 11:47:52', '2020-01-28 11:47:52'),
(12, 32, 'Ajay has created a album Test Album for neews feed', 'Ajay has created a album Test Album for neews feed', 133, 1, '2020-01-28 11:51:00', '2020-01-28 11:51:00'),
(13, 9, ' has created a album Summer Boat Ride', ' has created a album Summer Boat Ride', 134, 1, '2020-01-28 13:11:49', '2020-01-28 13:11:49'),
(14, 9, ' has created a album FAL-VAH Boat Ride', ' has created a album FAL-VAH Boat Ride', 135, 1, '2020-01-28 13:22:07', '2020-01-28 13:22:07'),
(15, 70, 'Jerry has created a album Test', 'Jerry has created a album Test', 136, 1, '2020-01-29 13:40:48', '2020-01-29 13:40:48'),
(16, 70, 'Jerry has created a album Fuhfhff', 'Jerry has created a album Fuhfhff', 137, 1, '2020-01-30 06:49:54', '2020-01-30 06:49:54'),
(17, 72, 'Sim has created a album Toto', 'Sim has created a album Toto', 138, 1, '2020-01-30 06:50:10', '2020-01-30 06:50:10'),
(18, 70, 'Jerry has created a media.', 'Jerry has created a media.', 137, 1, '2020-01-30 06:50:18', '2020-01-30 06:50:18'),
(19, 70, 'Jerry has created a media.', 'Jerry has created a media.', 137, 1, '2020-01-30 06:50:25', '2020-01-30 06:50:25'),
(20, 70, 'Jerry has created a media.', 'Jerry has created a media.', 137, 1, '2020-01-30 06:50:42', '2020-01-30 06:50:42'),
(21, 70, 'Jerry has created a media.', 'Jerry has created a media.', 137, 1, '2020-01-30 06:50:49', '2020-01-30 06:50:49'),
(22, 70, 'Jerry has created a media.', 'Jerry has created a media.', 137, 1, '2020-01-30 06:50:58', '2020-01-30 06:50:58'),
(23, 70, 'Jerry has created a media.', 'Jerry has created a media.', 137, 1, '2020-01-30 06:58:13', '2020-01-30 06:58:13'),
(24, 70, 'Jerry has created a album Test Video', 'Jerry has created a album Test Video', 139, 1, '2020-01-30 07:56:02', '2020-01-30 07:56:02'),
(25, 72, 'Sim has created a album Tttt', 'Sim has created a album Tttt', 140, 1, '2020-01-30 09:36:45', '2020-01-30 09:36:45'),
(26, 72, 'Sim has created a album U', 'Sim has created a album U', 141, 1, '2020-01-30 09:46:42', '2020-01-30 09:46:42'),
(27, 72, 'Sim has created a album 55', 'Sim has created a album 55', 142, 1, '2020-01-30 12:15:02', '2020-01-30 12:15:02'),
(28, 72, 'Sim has created a album Tim', 'Sim has created a album Tim', 143, 1, '2020-01-30 13:25:44', '2020-01-30 13:25:44'),
(29, 72, 'Sim has updated a album ', 'Sim has updated a album ', 143, 1, '2020-01-30 13:26:49', '2020-01-30 13:26:49'),
(30, 72, 'Sim has updated a album ', 'Sim has updated a album ', 143, 1, '2020-01-30 13:26:59', '2020-01-30 13:26:59'),
(31, 72, 'Sim has updated a album ', 'Sim has updated a album ', 142, 1, '2020-01-31 05:20:22', '2020-01-31 05:20:22'),
(32, 36, 'Himanshu has created a media.', 'Himanshu has created a media.', 124, 1, '2020-01-31 09:39:10', '2020-01-31 09:39:10'),
(33, 36, 'Himanshu has created a media.', 'Himanshu has created a media.', 124, 1, '2020-01-31 09:39:28', '2020-01-31 09:39:28'),
(34, 36, 'Himanshu has created a media.', 'Himanshu has created a media.', 124, 1, '2020-01-31 09:40:50', '2020-01-31 09:40:50'),
(35, 36, 'Himanshu has created a media.', 'Himanshu has created a media.', 124, 1, '2020-01-31 09:41:42', '2020-01-31 09:41:42'),
(36, 36, 'Himanshu has created a media.', 'Himanshu has created a media.', 124, 1, '2020-01-31 09:42:13', '2020-01-31 09:42:13'),
(37, 36, 'Himanshu has created a media.', 'Himanshu has created a media.', 124, 1, '2020-01-31 09:43:38', '2020-01-31 09:43:38'),
(38, 36, 'Himanshu has created a media.', 'Himanshu has created a media.', 124, 1, '2020-01-31 09:50:28', '2020-01-31 09:50:28'),
(39, 36, 'Himanshu has created a media.', 'Himanshu has created a media.', 124, 1, '2020-01-31 09:50:45', '2020-01-31 09:50:45'),
(40, 36, 'Himanshu has created a media.', 'Himanshu has created a media.', 124, 1, '2020-01-31 10:00:28', '2020-01-31 10:00:28'),
(41, 36, 'Himanshu has created a media.', 'Himanshu has created a media.', 124, 1, '2020-01-31 10:08:45', '2020-01-31 10:08:45'),
(42, 32, 'Ajay has created a album gg', 'Ajay has created a album gg', 144, 1, '2020-02-04 11:23:08', '2020-02-04 11:23:08'),
(43, 32, 'Ajay has created a album hgh', 'Ajay has created a album hgh', 145, 1, '2020-02-04 11:44:46', '2020-02-04 11:44:46'),
(44, 32, 'Ajay has created a album ddd', 'Ajay has created a album ddd', 146, 1, '2020-02-04 11:46:42', '2020-02-04 11:46:42'),
(45, 32, 'Ajay has created a album jum', 'Ajay has created a album jum', 147, 1, '2020-02-04 11:51:26', '2020-02-04 11:51:26'),
(46, 32, 'Ajay has created a album ttt', 'Ajay has created a album ttt', 148, 1, '2020-02-04 13:09:10', '2020-02-04 13:09:10'),
(47, 32, 'Ajay has created a album bgfhddvvbbddfcvvbbbfdrdxvnmjhggtrfvnbcxfghcxdrsxvbmmmnggvvfd', 'Ajay has created a album bgfhddvvbbddfcvvbbbfdrdxvnmjhggtrfvnbcxfghcxdrsxvbmmmnggvvfd', 149, 1, '2020-02-04 13:18:24', '2020-02-04 13:18:24'),
(48, 9, ' has created a album Super Bowl 54 Champions Kansas City Chiefs', ' has created a album Super Bowl 54 Champions Kansas City Chiefs', 150, 1, '2020-02-08 04:30:13', '2020-02-08 04:30:13'),
(49, 9, ' has created a media.', ' has created a media.', 150, 1, '2020-02-08 12:39:45', '2020-02-08 12:39:45'),
(50, 9, ' has created a album Super bowl 54th Party', ' has created a album Super bowl 54th Party', 151, 1, '2020-02-08 12:57:48', '2020-02-08 12:57:48'),
(51, 35, 'samsrules has created a media.', 'samsrules has created a media.', 115, 1, '2020-02-11 11:50:21', '2020-02-11 11:50:21'),
(52, 36, 'Himanshu has created a album So', 'Himanshu has created a album So', 152, 1, '2020-02-12 12:51:36', '2020-02-12 12:51:36'),
(53, 36, 'Himanshu has created a album asfc', 'Himanshu has created a album asfc', 153, 1, '2020-02-12 13:14:10', '2020-02-12 13:14:10'),
(54, 36, 'Himanshu has updated a album ', 'Himanshu has updated a album ', 153, 1, '2020-02-12 13:14:45', '2020-02-12 13:14:45'),
(55, 36, 'Himanshu has created a album Test To Gallery', 'Himanshu has created a album Test To Gallery', 154, 1, '2020-02-13 06:51:06', '2020-02-13 06:51:06'),
(56, 36, 'Himanshu has created a media.', 'Himanshu has created a media.', 154, 1, '2020-02-13 06:56:05', '2020-02-13 06:56:05'),
(57, 36, 'Himanshu has created a media.', 'Himanshu has created a media.', 154, 1, '2020-02-13 06:59:16', '2020-02-13 06:59:16'),
(58, 36, 'Himanshu has created a album Abc', 'Himanshu has created a album Abc', 155, 1, '2020-02-13 11:35:06', '2020-02-13 11:35:06'),
(59, 36, 'Himanshu has created a media.', 'Himanshu has created a media.', 155, 1, '2020-02-13 12:40:00', '2020-02-13 12:40:00'),
(60, 36, 'Himanshu has created a media.', 'Himanshu has created a media.', 155, 1, '2020-02-13 12:41:45', '2020-02-13 12:41:45'),
(61, 80, 'Stephen has created a album Lamar Jackson', 'Stephen has created a album Lamar Jackson', 156, 1, '2020-02-14 23:50:43', '2020-02-14 23:50:43'),
(62, 80, 'Stephen has created a album Patrick Mohames II', 'Stephen has created a album Patrick Mohames II', 157, 1, '2020-02-15 00:01:46', '2020-02-15 00:01:46'),
(63, 80, 'Stephen has created a album Tom Brady', 'Stephen has created a album Tom Brady', 158, 1, '2020-02-15 00:10:25', '2020-02-15 00:10:25'),
(64, 32, 'Ajay has created a album Abc', 'Ajay has created a album Abc', 159, 1, '2020-02-18 07:12:00', '2020-02-18 07:12:00'),
(65, 36, 'Himanshu has updated a album ', 'Himanshu has updated a album ', 155, 1, '2020-02-18 10:57:16', '2020-02-18 10:57:16'),
(66, 36, 'Himanshu has updated a album ', 'Himanshu has updated a album ', 155, 1, '2020-02-18 11:35:27', '2020-02-18 11:35:27'),
(67, 36, 'Himanshu has updated a album ', 'Himanshu has updated a album ', 155, 1, '2020-02-18 11:36:16', '2020-02-18 11:36:16'),
(68, 36, 'Himanshu has created a album multiline', 'Himanshu has created a album multiline', 160, 1, '2020-02-19 11:57:52', '2020-02-19 11:57:52'),
(69, 36, 'Himanshu has created a album Sbc121', 'Himanshu has created a album Sbc121', 161, 1, '2020-02-28 08:00:36', '2020-02-28 08:00:36'),
(70, 36, 'Himanshu has created a album March12', 'Himanshu has created a album March12', 162, 1, '2020-03-12 06:39:26', '2020-03-12 06:39:26'),
(71, 36, 'Himanshu has created a album Test Albumuehdn1', 'Himanshu has created a album Test Albumuehdn1', 163, 1, '2020-03-12 10:22:56', '2020-03-12 10:22:56'),
(72, 36, 'Himanshu has created a album Test Shamshad', 'Himanshu has created a album Test Shamshad', 164, 1, '2020-03-12 10:34:23', '2020-03-12 10:34:23'),
(73, 36, 'Himanshu has created a album March13', 'Himanshu has created a album March13', 165, 1, '2020-03-12 10:37:25', '2020-03-12 10:37:25'),
(74, 36, 'Himanshu has created a album March Demo', 'Himanshu has created a album March Demo', 166, 1, '2020-03-13 08:58:15', '2020-03-13 08:58:15'),
(75, 36, 'Himanshu has created a album Aaaa', 'Himanshu has created a album Aaaa', 167, 1, '2020-03-13 09:03:02', '2020-03-13 09:03:02'),
(76, 36, 'Himanshu has created a album T', 'Himanshu has created a album T', 168, 1, '2020-03-13 09:11:10', '2020-03-13 09:11:10'),
(77, 36, 'Himanshu has created a media.', 'Himanshu has created a media.', 168, 1, '2020-03-13 09:18:16', '2020-03-13 09:18:16'),
(78, 36, 'Himanshu has created a media.', 'Himanshu has created a media.', 168, 1, '2020-03-13 09:27:04', '2020-03-13 09:27:04'),
(79, 36, 'Himanshu has created a album R', 'Himanshu has created a album R', 169, 1, '2020-03-13 09:28:32', '2020-03-13 09:28:32'),
(80, 32, 'Ajay has created a album New', 'Ajay has created a album New', 170, 1, '2020-03-28 15:12:21', '2020-03-28 15:12:21'),
(81, 9, ' has created a album Around The World', ' has created a album Around The World', 171, 1, '2020-04-07 23:03:42', '2020-04-07 23:03:42'),
(82, 90, 'Morris has created a album Thatz Showbiz Reno', 'Morris has created a album Thatz Showbiz Reno', 172, 1, '2020-04-08 11:26:13', '2020-04-08 11:26:13'),
(83, 36, 'Himanshu has updated a album ', 'Himanshu has updated a album ', 169, 1, '2020-04-09 14:42:43', '2020-04-09 14:42:43'),
(84, 36, 'Himanshu has updated a album ', 'Himanshu has updated a album ', 169, 1, '2020-04-09 14:43:07', '2020-04-09 14:43:07'),
(85, 90, 'Morris has created a media.', 'Morris has created a media.', 172, 1, '2020-04-10 22:10:12', '2020-04-10 22:10:12'),
(86, 36, 'Himanshu has updated a album ', 'Himanshu has updated a album ', 169, 1, '2020-04-28 09:10:48', '2020-04-28 09:10:48'),
(87, 36, 'Himanshu has created a album Test 2', 'Himanshu has created a album Test 2', 173, 1, '2020-04-28 09:13:33', '2020-04-28 09:13:33'),
(88, 36, 'Himanshu has created a media.', 'Himanshu has created a media.', 173, 1, '2020-04-29 06:26:51', '2020-04-29 06:26:51'),
(89, 36, 'Himanshu has created a media.', 'Himanshu has created a media.', 173, 1, '2020-04-29 06:27:00', '2020-04-29 06:27:00'),
(90, 36, 'Himanshu has created a media.', 'Himanshu has created a media.', 173, 1, '2020-04-29 06:27:20', '2020-04-29 06:27:20'),
(91, 36, 'Himanshu has created a media.', 'Himanshu has created a media.', 173, 1, '2020-04-29 06:27:33', '2020-04-29 06:27:33'),
(92, 36, 'Himanshu has created a media.', 'Himanshu has created a media.', 173, 1, '2020-04-29 06:27:56', '2020-04-29 06:27:56'),
(93, 36, 'Himanshu has created a media.', 'Himanshu has created a media.', 173, 1, '2020-04-30 13:11:57', '2020-04-30 13:11:57'),
(94, 36, 'Himanshu has created a media.', 'Himanshu has created a media.', 173, 1, '2020-04-30 13:26:43', '2020-04-30 13:26:43'),
(95, 36, 'Himanshu has created a album Test Album', 'Himanshu has created a album Test Album', 174, 1, '2020-04-30 16:01:18', '2020-04-30 16:01:18'),
(96, 36, 'Himanshu has created a media.', 'Himanshu has created a media.', 168, 1, '2020-05-01 06:46:02', '2020-05-01 06:46:02'),
(97, 36, 'Himanshu has created a media.', 'Himanshu has created a media.', 168, 1, '2020-05-01 06:46:10', '2020-05-01 06:46:10'),
(98, 36, 'Himanshu has created a media.', 'Himanshu has created a media.', 168, 1, '2020-05-01 06:46:19', '2020-05-01 06:46:19'),
(99, 36, 'Himanshu has created a media.', 'Himanshu has created a media.', 168, 1, '2020-05-01 06:46:25', '2020-05-01 06:46:25'),
(100, 36, 'Himanshu has created a media.', 'Himanshu has created a media.', 168, 1, '2020-05-01 07:05:11', '2020-05-01 07:05:11'),
(101, 36, 'Himanshu has created a media.', 'Himanshu has created a media.', 168, 1, '2020-05-01 07:14:05', '2020-05-01 07:14:05'),
(102, 36, 'Himanshu has created a media.', 'Himanshu has created a media.', 168, 1, '2020-05-01 07:14:12', '2020-05-01 07:14:12'),
(103, 36, 'Himanshu has created a media.', 'Himanshu has created a media.', 168, 1, '2020-05-01 07:31:03', '2020-05-01 07:31:03'),
(104, 36, 'Himanshu has created a media.', 'Himanshu has created a media.', 168, 1, '2020-05-01 07:31:24', '2020-05-01 07:31:24'),
(105, 36, 'Himanshu has created a media.', 'Himanshu has created a media.', 168, 1, '2020-05-01 08:54:45', '2020-05-01 08:54:45'),
(106, 36, 'Himanshu has created a album Harsh', 'Himanshu has created a album Harsh', 175, 1, '2020-05-04 07:43:19', '2020-05-04 07:43:19'),
(107, 36, 'Himanshu has created a album Test 4 May', 'Himanshu has created a album Test 4 May', 176, 1, '2020-05-04 07:48:18', '2020-05-04 07:48:18'),
(108, 36, 'Himanshu has created a album Test Bbq', 'Himanshu has created a album Test Bbq', 177, 1, '2020-05-04 07:52:55', '2020-05-04 07:52:55'),
(109, 36, 'Himanshu has created a album Test T', 'Himanshu has created a album Test T', 178, 1, '2020-05-04 08:14:55', '2020-05-04 08:14:55'),
(110, 36, 'Himanshu has created a album Harsh Ios', 'Himanshu has created a album Harsh Ios', 179, 1, '2020-05-04 08:17:18', '2020-05-04 08:17:18'),
(111, 36, 'Himanshu has created a album Test 3', 'Himanshu has created a album Test 3', 180, 1, '2020-05-04 08:18:13', '2020-05-04 08:18:13'),
(112, 36, 'Himanshu has updated a album ', 'Himanshu has updated a album ', 180, 1, '2020-05-04 11:36:04', '2020-05-04 11:36:04'),
(113, 36, 'Himanshu has updated a album ', 'Himanshu has updated a album ', 180, 1, '2020-05-04 11:36:22', '2020-05-04 11:36:22'),
(114, 92, 'Hk has created a album My First Alblm', 'Hk has created a album My First Alblm', 181, 1, '2020-05-04 11:53:56', '2020-05-04 11:53:56'),
(115, 36, 'Himanshu has created a album Test Harsh', 'Himanshu has created a album Test Harsh', 182, 1, '2020-05-07 06:50:53', '2020-05-07 06:50:53'),
(116, 36, 'Himanshu has created a media.', 'Himanshu has created a media.', 168, 1, '2020-05-09 14:44:51', '2020-05-09 14:44:51'),
(117, 36, 'Himanshu has updated a album ', 'Himanshu has updated a album ', 168, 1, '2020-05-09 15:11:11', '2020-05-09 15:11:11'),
(118, 36, 'Himanshu has created a album Test Eight', 'Himanshu has created a album Test Eight', 183, 1, '2020-05-12 17:43:34', '2020-05-12 17:43:34'),
(119, 36, 'Himanshu has created a media.', 'Himanshu has created a media.', 183, 1, '2020-05-14 06:21:48', '2020-05-14 06:21:48'),
(120, 36, 'Himanshu has created a media.', 'Himanshu has created a media.', 36, 1, '2020-05-14 06:28:19', '2020-05-14 06:28:19'),
(121, 36, 'Himanshu has created a media.', 'Himanshu has created a media.', 36, 1, '2020-05-14 06:58:48', '2020-05-14 06:58:48'),
(122, 36, 'Himanshu has created a media.', 'Himanshu has created a media.', 36, 1, '2020-05-14 07:02:29', '2020-05-14 07:02:29'),
(123, 36, 'Himanshu has created a media.', 'Himanshu has created a media.', 173, 1, '2020-05-14 07:49:49', '2020-05-14 07:49:49'),
(124, 36, 'Himanshu has created a media.', 'Himanshu has created a media.', 173, 1, '2020-05-14 07:50:09', '2020-05-14 07:50:09'),
(125, 36, 'Himanshu has updated a album ', 'Himanshu has updated a album ', 173, 1, '2020-05-14 12:33:34', '2020-05-14 12:33:34'),
(126, 81, ' has created a album New Test Album', ' has created a album New Test Album', 184, 1, '2020-05-19 11:29:16', '2020-05-19 11:29:16'),
(127, 36, 'Himanshu has created a media.', 'Himanshu has created a media.', 183, 1, '2020-05-20 07:00:41', '2020-05-20 07:00:41'),
(128, 36, 'Himanshu has created a media.', 'Himanshu has created a media.', 183, 1, '2020-05-20 07:21:46', '2020-05-20 07:21:46'),
(129, 36, 'Himanshu has created a album Tedt', 'Himanshu has created a album Tedt', 185, 1, '2020-05-25 16:44:44', '2020-05-25 16:44:44'),
(130, 36, 'Himanshu has created a media.', 'Himanshu has created a media.', 183, 1, '2020-05-29 07:54:56', '2020-05-29 07:54:56'),
(131, 36, 'Himanshu has created a media.', 'Himanshu has created a media.', 183, 1, '2020-05-29 07:54:57', '2020-05-29 07:54:57'),
(132, 36, 'Himanshu has updated a album ', 'Himanshu has updated a album ', 183, 1, '2020-05-29 07:59:19', '2020-05-29 07:59:19'),
(133, 36, 'Himanshu has created a album test postman', 'Himanshu has created a album test postman', 186, 1, '2020-06-01 10:47:30', '2020-06-01 10:47:30'),
(134, 36, 'Himanshu has created a album test postman 1', 'Himanshu has created a album test postman 1', 187, 1, '2020-06-01 11:00:38', '2020-06-01 11:00:38'),
(135, 36, 'Himanshu has created a album test postman 2', 'Himanshu has created a album test postman 2', 188, 1, '2020-06-01 11:08:18', '2020-06-01 11:08:18'),
(136, 36, 'Himanshu has created a album tag', 'Himanshu has created a album tag', 189, 1, '2020-06-01 11:55:19', '2020-06-01 11:55:19'),
(137, 36, 'Himanshu has created a media.', 'Himanshu has created a media.', 189, 1, '2020-06-01 12:22:13', '2020-06-01 12:22:13'),
(138, 36, 'Himanshu has created a media.', 'Himanshu has created a media.', 189, 1, '2020-06-01 12:48:20', '2020-06-01 12:48:20'),
(139, 36, 'Himanshu has created a media.', 'Himanshu has created a media.', 189, 1, '2020-06-01 12:56:48', '2020-06-01 12:56:48'),
(140, 36, 'Himanshu has created a media.', 'Himanshu has created a media.', 189, 1, '2020-06-01 13:08:29', '2020-06-01 13:08:29'),
(141, 36, 'Himanshu has created a media.', 'Himanshu has created a media.', 189, 1, '2020-06-01 13:10:57', '2020-06-01 13:10:57'),
(142, 36, 'Himanshu has created a album again check', 'Himanshu has created a album again check', 190, 1, '2020-06-01 13:42:41', '2020-06-01 13:42:41'),
(143, 36, 'Himanshu has created a album 2 June album by harsh', 'Himanshu has created a album 2 June album by harsh', 191, 1, '2020-06-02 06:01:58', '2020-06-02 06:01:58'),
(144, 36, 'Himanshu has created a album 2 June test different', 'Himanshu has created a album 2 June test different', 192, 1, '2020-06-02 06:31:36', '2020-06-02 06:31:36'),
(145, 36, 'Himanshu has created a album mobiles', 'Himanshu has created a album mobiles', 193, 1, '2020-06-02 06:39:36', '2020-06-02 06:39:36'),
(146, 9, ' has created a album Black Lives Matter', ' has created a album Black Lives Matter', 194, 1, '2020-06-06 23:05:59', '2020-06-06 23:05:59'),
(147, 9, ' has created a album George Floyd', ' has created a album George Floyd', 195, 1, '2020-06-06 23:50:08', '2020-06-06 23:50:08'),
(148, 36, 'Himanshu has created a album New Al', 'Himanshu has created a album New Al', 196, 1, '2020-06-08 04:34:32', '2020-06-08 04:34:32'),
(149, 36, 'Himanshu has created a album Test 13 Bug', 'Himanshu has created a album Test 13 Bug', 197, 1, '2020-06-08 04:45:52', '2020-06-08 04:45:52'),
(150, 36, 'Himanshu has created a album Abc3', 'Himanshu has created a album Abc3', 198, 1, '2020-06-11 11:59:34', '2020-06-11 11:59:34'),
(151, 36, 'Himanshu has created a album hhlhkghh FL g  gg Cxkhhxgxjgvxjchbvz', 'Himanshu has created a album hhlhkghh FL g  gg Cxkhhxgxjgvxjchbvz', 199, 1, '2020-06-12 08:10:28', '2020-06-12 08:10:28'),
(152, 36, 'Himanshu has created a album Yup', 'Himanshu has created a album Yup', 200, 1, '2020-06-12 09:31:22', '2020-06-12 09:31:22'),
(153, 36, 'Himanshu has created a album bugs testing', 'Himanshu has created a album bugs testing', 201, 1, '2020-06-12 09:43:34', '2020-06-12 09:43:34'),
(154, 36, 'Himanshu has created a album again upload for bugs', 'Himanshu has created a album again upload for bugs', 202, 1, '2020-06-12 09:46:46', '2020-06-12 09:46:46'),
(155, 36, 'Himanshu has created a album new test', 'Himanshu has created a album new test', 203, 1, '2020-06-12 12:18:34', '2020-06-12 12:18:34'),
(156, 36, 'Himanshu has created a album mill', 'Himanshu has created a album mill', 204, 1, '2020-06-17 09:40:38', '2020-06-17 09:40:38'),
(157, 36, 'Himanshu has created a album Dragon', 'Himanshu has created a album Dragon', 205, 1, '2020-06-18 05:52:48', '2020-06-18 05:52:48'),
(158, 36, 'Himanshu has created a album Resident Evil4', 'Himanshu has created a album Resident Evil4', 206, 1, '2020-06-18 05:53:40', '2020-06-18 05:53:40'),
(159, 36, 'Himanshu has created a album 18 June', 'Himanshu has created a album 18 June', 207, 1, '2020-06-18 09:00:55', '2020-06-18 09:00:55'),
(160, 36, 'Himanshu has created a media.', 'Himanshu has created a media.', 207, 1, '2020-06-18 09:13:13', '2020-06-18 09:13:13'),
(161, 36, 'Himanshu has created a media.', 'Himanshu has created a media.', 207, 1, '2020-06-18 09:30:29', '2020-06-18 09:30:29'),
(162, 36, 'Himanshu has created a album 19June', 'Himanshu has created a album 19June', 208, 1, '2020-06-19 10:29:52', '2020-06-19 10:29:52'),
(163, 36, 'Himanshu has created a album DSM', 'Himanshu has created a album DSM', 209, 1, '2020-06-19 12:04:56', '2020-06-19 12:04:56'),
(164, 36, 'Himanshu has created a album Drogon Hunter', 'Himanshu has created a album Drogon Hunter', 210, 1, '2020-06-22 12:35:36', '2020-06-22 12:35:36'),
(165, 36, 'Himanshu has created a album 1ist', 'Himanshu has created a album 1ist', 211, 1, '2020-06-22 12:36:52', '2020-06-22 12:36:52'),
(166, 36, 'Himanshu has created a media.', 'Himanshu has created a media.', 211, 1, '2020-06-22 12:40:46', '2020-06-22 12:40:46'),
(167, 36, 'Himanshu has created a album Er', 'Himanshu has created a album Er', 212, 1, '2020-06-22 12:59:03', '2020-06-22 12:59:03'),
(168, 36, 'Himanshu has created a album 2nd', 'Himanshu has created a album 2nd', 213, 1, '2020-06-22 14:06:08', '2020-06-22 14:06:08'),
(169, 36, 'Himanshu has created a album Time Line Test', 'Himanshu has created a album Time Line Test', 214, 1, '2020-06-22 14:14:58', '2020-06-22 14:14:58'),
(170, 36, 'Himanshu has created a album New Testing Album', 'Himanshu has created a album New Testing Album', 215, 1, '2020-06-23 06:07:03', '2020-06-23 06:07:03'),
(171, 36, 'Himanshu has created a album Album Testing 123', 'Himanshu has created a album Album Testing 123', 216, 1, '2020-06-23 06:09:11', '2020-06-23 06:09:11'),
(172, 36, 'Himanshu has created a album Cover Image Testing', 'Himanshu has created a album Cover Image Testing', 217, 1, '2020-06-23 06:11:56', '2020-06-23 06:11:56'),
(173, 36, 'Himanshu has created a media.', 'Himanshu has created a media.', 217, 1, '2020-06-23 12:40:25', '2020-06-23 12:40:25'),
(174, 36, 'Himanshu has created a media.', 'Himanshu has created a media.', 216, 1, '2020-06-23 14:11:24', '2020-06-23 14:11:24'),
(175, 36, 'Himanshu has created a media.', 'Himanshu has created a media.', 217, 1, '2020-06-24 07:11:14', '2020-06-24 07:11:14'),
(176, 36, 'Himanshu has created a album Hh', 'Himanshu has created a album Hh', 218, 1, '2020-07-01 08:01:56', '2020-07-01 08:01:56'),
(177, 36, 'Himanshu has created a album Test For Time', 'Himanshu has created a album Test For Time', 219, 1, '2020-07-01 12:56:40', '2020-07-01 12:56:40'),
(178, 36, 'Himanshu has created a album Album Testing', 'Himanshu has created a album Album Testing', 220, 1, '2020-07-01 13:01:07', '2020-07-01 13:01:07'),
(179, 36, 'Himanshu has created a album Test Time Line', 'Himanshu has created a album Test Time Line', 221, 1, '2020-07-01 13:31:00', '2020-07-01 13:31:00'),
(180, 36, 'Himanshu has created a album Test 3', 'Himanshu has created a album Test 3', 222, 1, '2020-07-01 14:06:53', '2020-07-01 14:06:53'),
(181, 36, 'Himanshu has created a album Test Save Album', 'Himanshu has created a album Test Save Album', 223, 1, '2020-07-01 14:24:49', '2020-07-01 14:24:49'),
(182, 36, 'Himanshu has created a album Ttt1', 'Himanshu has created a album Ttt1', 224, 1, '2020-07-01 14:40:22', '2020-07-01 14:40:22'),
(183, 36, 'Himanshu has created a album time line description', 'Himanshu has created a album time line description', 225, 1, '2020-07-01 14:41:57', '2020-07-01 14:41:57'),
(184, 36, 'Himanshu has created a album Test To Check Timeline Cover', 'Himanshu has created a album Test To Check Timeline Cover', 226, 1, '2020-07-01 14:48:36', '2020-07-01 14:48:36');

-- --------------------------------------------------------

--
-- Table structure for table `states`
--

CREATE TABLE `states` (
  `state_id` int(11) NOT NULL,
  `state_name` varchar(30) COLLATE utf8_unicode_ci NOT NULL,
  `country_id` int(11) NOT NULL,
  `status` tinyint(1) NOT NULL DEFAULT '1' COMMENT '0:Blocked, 1:Active'
) ENGINE=InnoDB DEFAULT CHARSET=utf8 COLLATE=utf8_unicode_ci;

--
-- Dumping data for table `states`
--

INSERT INTO `states` (`state_id`, `state_name`, `country_id`, `status`) VALUES
(1, 'Delhi', 1, 1),
(2, 'Uttar Pradesh', 1, 1),
(3, 'Muscute', 2, 1),
(4, 'Abudhabi', 3, 1),
(5, 'Ontario', 4, 1),
(6, 'Alberta', 4, 1),
(7, 'Woqooyi Galbeed', 5, 1),
(8, 'Pass@123', 6, 1),
(9, 'asdfgh', 7, 1),
(10, 'zxcvbn', 8, 1),
(11, 'sham our', 9, 1),
(12, 'kuch bei daal', 10, 1),
(13, 'test address', 11, 1),
(14, 'Uttar Pradesh', 12, 1),
(15, 'sham our yup', 13, 1),
(16, 'test', 14, 1),
(17, 'noida', 15, 1),
(18, 'California', 16, 1);

-- --------------------------------------------------------

--
-- Table structure for table `stories`
--

CREATE TABLE `stories` (
  `id` int(11) NOT NULL,
  `user_id` int(10) NOT NULL,
  `stories_name` varchar(100) NOT NULL,
  `created_at` datetime NOT NULL DEFAULT CURRENT_TIMESTAMP,
  `updated_at` datetime NOT NULL DEFAULT CURRENT_TIMESTAMP
) ENGINE=InnoDB DEFAULT CHARSET=latin1;

--
-- Dumping data for table `stories`
--

INSERT INTO `stories` (`id`, `user_id`, `stories_name`, `created_at`, `updated_at`) VALUES
(2, 1, 'new', '2019-12-03 15:47:03', '2019-12-03 15:47:03'),
(3, 18, 'Add New', '2019-12-03 17:52:28', '2019-12-03 17:52:28'),
(4, 18, 'Add Ne', '2019-12-03 18:03:41', '2019-12-03 18:03:41'),
(6, 18, 'Add Nde', '2019-12-04 06:37:29', '2019-12-04 06:37:29'),
(8, 32, 'My First', '2019-12-04 11:42:13', '2019-12-04 11:42:13'),
(9, 32, '7', '2019-12-04 11:57:35', '2019-12-04 11:57:35'),
(10, 32, 'My Second', '2019-12-04 11:58:02', '2019-12-04 11:58:02'),
(11, 32, 'My Life', '2019-12-04 11:58:21', '2019-12-04 11:58:21'),
(12, 32, 'test', '2019-12-04 12:47:57', '2019-12-04 12:47:57'),
(13, 32, 'Test Him', '2019-12-09 09:25:55', '2019-12-09 09:25:55'),
(14, 35, 'My Story New', '2019-12-09 09:47:19', '2019-12-09 09:47:19'),
(15, 36, 'My Father Album', '2019-12-10 07:04:46', '2019-12-10 07:04:46'),
(16, 36, 'My Office', '2019-12-10 07:05:19', '2019-12-10 07:05:19'),
(17, 36, 'Tedt3', '2019-12-17 07:23:18', '2019-12-17 07:23:18'),
(18, 35, 'Add Nde', '2019-12-19 09:30:20', '2019-12-19 09:30:20');

-- --------------------------------------------------------

--
-- Table structure for table `temporaryuploads`
--

CREATE TABLE `temporaryuploads` (
  `id` int(11) NOT NULL,
  `user_id` int(11) NOT NULL,
  `file_path` varchar(111) NOT NULL,
  `created_at` timestamp NOT NULL DEFAULT CURRENT_TIMESTAMP,
  `updated_at` timestamp NULL DEFAULT NULL ON UPDATE CURRENT_TIMESTAMP
) ENGINE=InnoDB DEFAULT CHARSET=latin1;

--
-- Dumping data for table `temporaryuploads`
--

INSERT INTO `temporaryuploads` (`id`, `user_id`, `file_path`, `created_at`, `updated_at`) VALUES
(1, 2, '1572945105logo.png', '2019-11-05 17:11:45', '2019-11-05 17:11:45'),
(2, 2, '15729463301559736103942.JPEG', '2019-11-05 17:32:10', '2019-11-05 17:32:10'),
(65, 4, '1573537818IMG_20190805_151504.jpg', '2019-11-12 13:50:18', '2019-11-12 13:50:18'),
(66, 4, '1573557806IMG_20190805_151504.jpg', '2019-11-12 19:23:26', '2019-11-12 19:23:26'),
(67, 4, '1573558118IMG_20191111_125229~2.jpg', '2019-11-12 19:28:38', '2019-11-12 19:28:38');

-- --------------------------------------------------------

--
-- Table structure for table `users`
--

CREATE TABLE `users` (
  `id` bigint(20) UNSIGNED NOT NULL,
  `name` varchar(255) COLLATE utf8mb4_unicode_ci NOT NULL DEFAULT '',
  `userName` varchar(111) COLLATE utf8mb4_unicode_ci NOT NULL DEFAULT '',
  `firstName` varchar(50) COLLATE utf8mb4_unicode_ci NOT NULL DEFAULT '',
  `lastName` varchar(50) COLLATE utf8mb4_unicode_ci NOT NULL DEFAULT '',
  `email` varchar(255) COLLATE utf8mb4_unicode_ci DEFAULT NULL,
  `google_id` varchar(55) COLLATE utf8mb4_unicode_ci DEFAULT NULL,
  `facebook_id` varchar(55) COLLATE utf8mb4_unicode_ci DEFAULT NULL,
  `profile_pic` varchar(255) COLLATE utf8mb4_unicode_ci DEFAULT NULL,
  `email_verified_at` timestamp NULL DEFAULT NULL,
  `password` varchar(255) COLLATE utf8mb4_unicode_ci DEFAULT NULL,
  `remember_token` text COLLATE utf8mb4_unicode_ci,
  `followers` int(11) NOT NULL DEFAULT '0' COMMENT 'followers count',
  `followings` int(11) NOT NULL DEFAULT '0' COMMENT 'followings count',
  `address` text COLLATE utf8mb4_unicode_ci NOT NULL,
  `country` varchar(255) COLLATE utf8mb4_unicode_ci NOT NULL,
  `state` varchar(255) COLLATE utf8mb4_unicode_ci NOT NULL,
  `city` varchar(255) COLLATE utf8mb4_unicode_ci NOT NULL,
  `verification_otp` int(11) DEFAULT NULL,
  `user_status` int(10) NOT NULL DEFAULT '1' COMMENT 'Public-1,Private-2',
  `blocked_users` int(11) NOT NULL DEFAULT '1' COMMENT 'unblock=1,block=0	',
  `inactive_users` int(11) NOT NULL DEFAULT '1' COMMENT 'active=1,inactive=0	',
  `is_verified` int(11) NOT NULL DEFAULT '0',
  `created_at` timestamp NULL DEFAULT NULL,
  `updated_at` timestamp NULL DEFAULT NULL
) ENGINE=InnoDB DEFAULT CHARSET=utf8mb4 COLLATE=utf8mb4_unicode_ci;

--
-- Dumping data for table `users`
--

INSERT INTO `users` (`id`, `name`, `userName`, `firstName`, `lastName`, `email`, `google_id`, `facebook_id`, `profile_pic`, `email_verified_at`, `password`, `remember_token`, `followers`, `followings`, `address`, `country`, `state`, `city`, `verification_otp`, `user_status`, `blocked_users`, `inactive_users`, `is_verified`, `created_at`, `updated_at`) VALUES
(1, 'Naveen', 'Mustafa', '', '', 'mustafa@mailinator.com', 'naveen', 'naveen123', 'http://172.16.200.38/museum/public/assets/profile_pic/5_1580368706.jpeg', NULL, '$2y$10$tHC3yb25Hvq1.RlF3k.dbeKuJnSTo1lpaBVEn7Jz.PxNKCLSKtv2i', NULL, 9, 0, 'noida', 'India', 'Delhi', 'Badarpur', 0, 1, 1, 1, 0, '2019-10-31 21:14:09', '2020-03-31 14:47:43'),
(2, 'Naveen', '', '', '', 'naveen2@mailinator.com', 'naveen2', 'naveen2', '', NULL, '$2y$10$tk86aiykJib3TdC.yWa6R.TiWlz0deExIR84U2ghErMjDl49OTHq6', NULL, 2, 2, '', 'India', 'Delhi', 'Badarpur', 0, 1, 1, 1, 0, '2019-11-01 18:39:49', '2020-06-23 12:47:34'),
(3, 'Naveen', '', '', '', 'naveen3@mailinator.com', 'naveen3', 'naveen3', 'null', NULL, NULL, NULL, 2, 2, '', 'India', 'Delhi', 'Badarpur', 809906, 1, 1, 1, 0, '2019-11-04 20:12:11', '2019-11-22 14:57:37'),
(4, 'Virtual Employee', 'Virtual Employee', '', '', 'androiddeveloperve1@gmail.com', '114752833349796258770', NULL, 'null', NULL, NULL, NULL, 0, 4, '', 'India', 'Delhi', 'Badarpur', 0, 1, 1, 1, 0, '2019-11-04 20:25:19', '2019-11-14 20:10:23'),
(5, 'SatendraSingh', 'SatendraSingh', '', '', 'satendrasinghmca@gmail.com', '105947987949938078008', '2116771855100065', 'http://graph.facebook.com/2116771855100065/picture?type=large', NULL, NULL, NULL, -2, 1, '', 'India', 'Delhi', 'Badarpur', 0, 1, 1, 1, 0, '2019-11-04 20:25:46', '2019-12-31 18:09:38'),
(6, 'Rajesh K', 'Rajesh K', '', '', 'virtual100700@gmail.com', '113059656217170037703', NULL, 'null', NULL, NULL, NULL, 0, 0, '', 'India', 'Delhi', 'Badarpur', 0, 1, 1, 0, 1, '2019-11-05 17:32:30', '2019-11-05 17:34:48'),
(7, 'Ajay Kumar', '', '', '', 'ajay@gmail.com', NULL, '7414378523458', '', NULL, NULL, NULL, 0, 0, '', 'India', 'Delhi', 'Badarpur', 244325, 1, 1, 1, 0, '2019-11-05 17:49:41', '2020-03-05 17:48:44'),
(8, 'Naveen', '', '', '', 'naveen1@mailinator.com', 'naveen1', NULL, '', NULL, NULL, NULL, 0, 1, '', 'India', 'Delhi', 'Badarpur', 0, 1, 1, 1, 0, '2019-11-08 18:53:32', '2019-11-11 20:19:40'),
(9, 'Stephen Joseph', 'Stephen Joseph', '', '', 'stephenjoseph237@gmail.com', '114957885548210815981', NULL, 'http://35.233.149.139/museum/public/profile_pics/1586295259IMG_20200407_174000.jpg', NULL, '$2y$10$HTYz9iE7xvRdtRYSJ17BgOQ/PwYlT9q2hr8KKu2thtQWWU.1ePsFC', NULL, 1, -3, '', 'India', 'Delhi', 'Badarpur', 101015, 1, 0, 1, 1, '2019-11-14 02:46:54', '2020-06-01 07:59:54'),
(11, '', 'sams', 'Naveen', 'Gupta', 'naveen11@mailinator.com', NULL, NULL, NULL, NULL, '$2y$10$nWfvKgs6ota8h9zkytFPWu2GI9ZwpjBctLqtgqOfs9huS.ZShnnqu', NULL, 0, 0, '', 'India', 'Delhi', 'Badarpur', NULL, 1, 1, 1, 0, '2019-11-26 17:32:57', '2019-11-26 17:32:57'),
(12, '', 'sattu', 'Satendra', 'Pal', 'saten@gmail.com', NULL, NULL, NULL, NULL, '$2y$10$xwqiM3HibPEFk3DFNXaOzOTI.dGg.0b2k8inx1GRoUCc5IghvO8K6', NULL, 0, 0, '', 'India', 'Delhi', 'Badarpur', 102397, 1, 1, 1, 0, '2019-11-26 17:33:28', '2019-12-03 19:46:24'),
(13, '', 'sattu', 'Satendra', 'Pal', 'sate@gmail.com', NULL, NULL, NULL, NULL, '$2y$10$O5DtTTAoPRZeWlg77/mXPOu2pmO7hOzITHOYxdlYnGdEH1i5nlne.', NULL, 0, 0, '', 'India', 'Delhi', 'Badarpur', NULL, 1, 1, 1, 0, '2019-11-26 17:34:42', '2019-11-26 17:34:42'),
(14, '', 'sattu', 'Satendra', 'Pal', 'satend@gmail.com', NULL, NULL, NULL, NULL, '$2y$10$1hUHa8kxUxBzR0Vh1AmdOOoRNuNmuUmhisLkrlIe1PULelfmkPIzq', NULL, 0, 0, '', 'India', 'Delhi', 'Badarpur', NULL, 1, 1, 1, 0, '2019-11-26 17:41:32', '2019-11-26 17:41:32'),
(15, '', 'sams', 'Naveen', 'Gupta', 'naveen12@mailinator.com', NULL, NULL, NULL, NULL, '$2y$10$/hMS0hVUuFfZ.Rl4J0UY3ewVHvxvtWFDgojoEnPnKNEdcwMYhETMu', NULL, 0, 0, '', 'India', 'Delhi', 'Badarpur', NULL, 1, 1, 1, 0, '2019-11-26 18:11:49', '2019-11-26 18:11:49'),
(17, '', 'sams', 'Naveen', 'Gupta', 'madteamve@gmail.com', NULL, NULL, NULL, NULL, '$2y$10$dPU/MWPXL4v9Iu.GZvVq6Ocr1Ee7FEbhc1ZNi3JkAdlCMvYGleIUK', NULL, 0, 0, '', 'India', 'Delhi', 'Badarpur', NULL, 1, 1, 1, 0, '2019-11-26 18:21:24', '2019-11-26 18:21:24'),
(18, '', 'sams', 'Naveen', 'Gupta', 'vefipple@gmail.com', NULL, NULL, NULL, NULL, '$2y$10$UDjX6nYrcSdkyKgqBanE4ebPoIAU0lN7/nNb4rPHCi4.RSQzwBobG', NULL, 2, 0, '', 'India', 'Delhi', 'Badarpur', NULL, 2, 1, 1, 0, '2019-11-26 18:22:14', '2019-12-24 19:42:38'),
(19, '', 'sams', 'Naveen', 'Gupta', 'vefipple1@gmail.com', NULL, NULL, NULL, NULL, '$2y$10$UYRSm5rbY7LxmYtuFFZFre17KAoPlWnoeXO8qk3t4FeeN2JANqo6u', NULL, 0, 0, '', 'India', 'Delhi', 'Badarpur', 481914, 1, 1, 1, 0, '2019-11-26 18:28:07', '2019-11-26 18:28:07'),
(20, '', 'kalu', 'Kalu', 'P', 'kalup@gmail.com', NULL, NULL, NULL, NULL, '$2y$10$UIO/6TOJ9g9E6s4XTVo9l.zipBCDIRVYnFUMGyV05r6M52rxI5c0W', NULL, 0, 0, '', 'India', 'Delhi', 'Badarpur', 547236, 1, 1, 1, 0, '2019-11-26 18:39:00', '2019-11-26 18:39:00'),
(21, '', 'dallu', 'Dallu', 'Kumar', 'dallu@gmail.com', NULL, NULL, NULL, NULL, '$2y$10$saqjTnuIzu0RbxxZuTiPf.2Ta6RWhAJmWrRi7ErkT8yZ9/YuCzVlm', NULL, 0, 0, '', 'India', 'Delhi', 'Badarpur', 248804, 1, 1, 1, 0, '2019-11-26 18:46:23', '2019-11-26 18:46:23'),
(22, '', 'sams', 'Naveen', 'Gupta', 'kattu@gmail.com', NULL, NULL, NULL, NULL, '$2y$10$4So.G85Yux1WFR9IFk38uekG.fgEVMzaaO/MMypy92isClpoSOOKq', NULL, 0, 0, '', 'India', 'Delhi', 'Badarpur', 380429, 1, 1, 1, 0, '2019-11-26 21:01:23', '2019-11-26 21:01:23'),
(23, '', 'sams', 'Naveen', 'Gupta', 'vefipple78@gmail.com', NULL, NULL, NULL, NULL, '$2y$10$YzSHyKnWbKO9CQPhvJZExOruoG9joO657hlwwcpR44QNsHc/LvXqS', NULL, 0, 0, '', 'India', 'Delhi', 'Badarpur', 834126, 1, 1, 1, 0, '2019-11-28 17:21:46', '2019-11-28 17:21:46'),
(24, '', 'Rtyg', 'fggg', 'vvvb', 'sdf@fbbghh.hbn', NULL, NULL, NULL, NULL, '$2y$10$CWMjDIIhUssecV8fVn19kOT/wga8oc44rRP21qWTuWjGrNYwjvf.6', NULL, 0, 0, '', 'India', 'Delhi', 'Badarpur', 653402, 1, 1, 1, 0, '2019-11-28 17:25:09', '2019-11-28 17:25:09'),
(25, '', 'sams', 'Naveen', 'Gupta', 'vefipple786@gmail.com', NULL, NULL, NULL, NULL, '$2y$10$81PyjXOgMEAcDU/.kbEJ5e85qJts6dG/TvDoBGAigUE/l9YoBITby', NULL, 0, 0, '', 'India', 'Delhi', 'Badarpur', 775048, 1, 1, 1, 0, '2019-11-28 18:34:09', '2019-11-28 18:34:09'),
(26, '', 'sams', 'Naveen', 'Gupta', 'vefipple845@gmail.com', NULL, NULL, NULL, NULL, '$2y$10$.5j6pJX9OaCpkDf/tYVEre5Tbv4gXeAmS3XSg42tYLFYdftapNMh6', NULL, 0, 0, '', 'India', 'Delhi', 'Badarpur', 249160, 1, 1, 1, 0, '2019-11-28 19:10:44', '2019-11-28 19:10:44'),
(27, '', 'sams', 'Naveen', 'Gupta', 'vefipples845@gmail.com', NULL, NULL, NULL, NULL, '$2y$10$2xNXLaGc9Q/M9ZFOD8i1sOb8/gFFqNVUyzrL/z3RYkGT1fmvqcv0q', NULL, 0, 0, '', 'India', 'Delhi', 'Badarpur', 389557, 1, 1, 1, 0, '2019-11-28 19:26:22', '2019-11-28 19:26:22'),
(28, '', 'sgdhdhd', 'gegsggdhhdhd', 'dvddhdddhd', 'zvs@dhd.bd', NULL, NULL, NULL, NULL, '$2y$10$7L7u9siHhVYY.3/nMZjOWeQa9Vg3HGAuqhU0qmNzRD3CKzQIbjA02', NULL, 0, 0, '', 'India', 'Delhi', 'Badarpur', 672806, 1, 1, 1, 0, '2019-11-28 19:44:10', '2019-11-28 19:44:10'),
(29, '', 'Rkgajay', 'Ajay', 'Kumar', 'rkgajay1@gmail.com', NULL, NULL, NULL, NULL, '$2y$10$Uk5nqtITcB01n5d2wnLyd.4/Y1QqfjLUHxjcYfmKjH9AAVIGO4WZO', NULL, 0, 0, '', 'India', 'Delhi', 'Badarpur', 732670, 1, 1, 1, 0, '2019-11-28 20:20:31', '2019-11-28 20:55:37'),
(30, '', 'dhxhhhx', 'jcjfj', 'hxxhc', 'hfh@xhhc.com', NULL, NULL, NULL, NULL, '$2y$10$/HtqStYrCMTO.Bz61dotcOkiR5hDp0.bZToLTyq8HawrduBvEe3QK', NULL, 0, 0, '', 'India', 'Delhi', 'Badarpur', 375722, 1, 1, 1, 0, '2019-11-28 23:08:11', '2019-11-28 23:08:11'),
(31, '', 'zgddh', 'fhjffu', 'jffjfj', 'hxxh@ufj.com', NULL, NULL, NULL, NULL, '$2y$10$tdDcJ4E.3z20fOUmzKrnB.t5C8Vj83nj5iQ2zqa60UBJH0mm.x55m', NULL, 0, 0, '', 'India', 'Delhi', 'Badarpur', 946762, 1, 1, 1, 0, '2019-11-28 23:11:52', '2019-11-28 23:11:52'),
(32, '', 'Rkgajay', 'Ajay', 'Kumar', 'rkgajay@gmail.com', NULL, NULL, 'http://115.112.129.194:7575/museum/public/profile_pics/1581490873IMG_20200212_123113.jpg', NULL, '$2y$10$NAEvRRF9vQEuYz45urDu8OqaFcuLGM4LK6YSUUBAVmqDz7d0V2IJ.', NULL, -8, 9, '', 'India', 'Delhi', 'Badarpur', 580388, 1, 0, 0, 1, '2019-11-29 14:08:41', '2020-06-12 14:37:33'),
(33, '', 'Rkgajay', 'Ajay', 'Kumar', 'ajay.shineweb@gmail.com', NULL, NULL, NULL, NULL, '$2y$10$80.bE3isNRZnQtY5C08wGu.LntgWYkQ0vtApQZR3dy817iJ7RxXJq', NULL, 0, 0, '', 'India', 'Delhi', 'Badarpur', 450679, 1, 1, 1, 0, '2019-11-29 14:14:35', '2019-11-29 14:14:35'),
(34, '', 'sggshzhdh', 'gddgxg', 'xxhhx', 'hddhdh@hch.com', NULL, NULL, NULL, NULL, '$2y$10$bkJdO60cx/UCReYGq0Lv3OIhb52C88zr3kZ35A8hBYC7XpJ5agFVC', NULL, 0, 0, '', 'India', 'Delhi', 'Badarpur', 245058, 1, 1, 1, 0, '2019-11-29 14:18:16', '2019-11-29 14:19:07'),
(35, 'sams', 'sams', 'samsrules', 'Gupta', 'sams@gmail.com', NULL, NULL, 'http://172.16.200.38/museum/public/profile_pics/15785699501522066387.jpg', NULL, '$2y$10$HPb9rEEAUZVrm5MSYGuFi..J00dEf7gggU.AMMp2jtoFy8mx4pOkK', NULL, -1, 0, '', 'India', 'Delhi', 'Badarpur', 564766, 1, 0, 1, 1, '2019-12-06 19:49:51', '2020-02-04 20:08:27'),
(36, 'Himanshu', 'Himanshu', 'Himanshu', 'km', 'himanshunegitesting@gmail.com', NULL, NULL, 'http://35.233.149.139/museum/public/profile_pics/1591861889myProfile_image.jpg', NULL, '$2y$10$B88mbmIaSaxLb0pptPDZleFbFUsMxZ3CEUOKP4tuQ/glg/PsZ.qVK', NULL, -2, -6, '', 'India', 'Delhi', 'Badarpur', 672920, 1, 0, 1, 1, '2019-12-10 15:03:39', '2020-07-24 13:23:54'),
(37, '', 'sams', 'Naveen', 'Gupta', 've@gmail.com', NULL, NULL, NULL, NULL, '$2y$10$iIrt7hvGt95u5EaXMJLfKekRZZkqU7CoF95u8d77aEHlsm6t84oOC', NULL, 0, 0, 'Noida', 'India', 'Delhi', 'Badarpur', 663898, 1, 1, 1, 0, '2019-12-17 17:31:03', '2019-12-17 17:31:03'),
(38, '', 'sams', 'Naveen', 'Gupta', 'vea@gmail.com', NULL, NULL, NULL, NULL, '$2y$10$W5yy3Mu8CcMC2ZYmQPaMde8bkOmNLq4ftYmAWIWWAmGyADjAENRB6', NULL, 0, 0, 'Noida', 'India', 'Delhi', 'Badarpur', 520782, 1, 1, 1, 0, '2019-12-17 17:31:43', '2019-12-17 17:31:43'),
(39, '', 's', 'Naveen', 'Gupta', 've1a@gmail.com', NULL, NULL, NULL, NULL, '$2y$10$mbd2c..B.g8h6jaU9mwVJuoyNvg9TDF3o9MX83IBc.dZfLD4cEYga', NULL, 0, 0, 'Noida', 'India', 'Delhi', 'Badarpur', 718526, 1, 1, 1, 0, '2019-12-17 17:35:12', '2019-12-17 17:35:12'),
(40, '', 'afds', 'adffd', 'adf', 'asdf@qawdswqe.sfg', NULL, NULL, NULL, NULL, '$2y$10$5RTtVIxjBio9/2x4Xci8kuUW3UEHJJmHRSydR4uGHULzuL8JVU39G', NULL, 0, 0, 'Mountain View, California, United States', 'India', 'Delhi', 'Badarpur', 978163, 1, 1, 1, 0, '2019-12-17 21:07:48', '2019-12-24 19:18:32'),
(41, '', 'Sazid', 'Sazid', 'Ali', 'sazidakg@gmail.com', NULL, NULL, 'http://172.16.200.38/museum/public/profile_pics/15785699501522066387.jpg', NULL, '$2y$10$rpqnQxVYRsWMcA.FwIZ3/e72ciRKwcGaD0CyRRGs48A.Gw5kBwQJm', NULL, 0, 0, 'Noida, Uttar Pradesh, India', 'India', 'Delhi', 'Badarpur', 906497, 1, 0, 1, 1, '2019-12-26 20:13:54', '2019-12-31 14:22:39'),
(42, '', 'Test VE', 'Test', 'VE', 'imparityajay@gmail.com', NULL, NULL, NULL, NULL, '$2y$10$2V51IgU9bcruACmhHyRa9ekHfnsEbrzvhEfm49Eyd78l0yuBsihu.', NULL, 0, 0, 'Noida, Uttar Pradesh, India', 'India', 'Delhi', 'Badarpur', 111404, 1, 1, 1, 0, '2019-12-26 21:06:25', '2019-12-26 21:06:25'),
(43, '', 'Test Virtual', 'Test', 'VE', 'test@gmail.com', NULL, NULL, NULL, NULL, '$2y$10$Qok.Vpik37pq5q97ny1AzOSiRgDcOYj61VXymkXC9oqoAbwhmdKG.', NULL, 0, 0, 'Noida, Uttar Pradesh, India', 'India', 'Delhi', 'Badarpur', 540974, 1, 1, 1, 0, '2019-12-26 21:10:27', '2019-12-26 21:10:27'),
(44, '', 'Mustafa76', 'Sazid', 'Ali', 'musafata@gmail.com', NULL, NULL, NULL, NULL, '$2y$10$IvZoyhpdsFoqtq1GcwXPwe0rvIuVQOjeOL3eq0x0rsZ4FhGJN/lbS', NULL, 0, 0, 'Noida, Uttar Pradesh, India', 'India', 'Delhi', 'Badarpur', 108206, 1, 1, 1, 0, '2019-12-27 13:57:14', '2019-12-27 13:57:31'),
(45, '', 'Test Himanshu', 'Test', 'Himanshu', 'test.d678@gmail.com', NULL, NULL, NULL, NULL, '$2y$10$l5LAP5d/ZckfCIKzv065PutZndgppqcG3GkBHDhTdCDzCRIFCdFOa', NULL, -1, 6, 'Noida, Uttar Pradesh, India', 'India', 'Delhi', 'Badarpur', 824472, 1, 1, 1, 0, '2019-12-27 15:14:19', '2020-01-09 19:25:52'),
(46, '', 'Himanshu12', 'Dhfst', 'Hoh8', 'vuvi@vjv.jfj', NULL, NULL, NULL, NULL, '$2y$10$J9vz7iwJMvq5sFJoC8l/T.BXMvmXKmE8DabMlodYiSMfjWX35yNXy', NULL, 0, 0, 'Noida, Uttar Pradesh, India', 'India', 'Delhi', 'Badarpur', 360507, 1, 1, 1, 0, '2019-12-27 20:40:29', '2019-12-27 20:40:29'),
(47, '', 'Him', 'Himanshu', 'Negi', 'himanshu@gmail.com', NULL, NULL, NULL, NULL, '$2y$10$fq4eo.4nnGaRhSrqftvMF.hUE7hMcYZCnWwjEi2MX8Ug6vYZGv1mO', NULL, 0, 0, 'Noida, Uttar Pradesh, India', 'India', 'Delhi', 'Badarpur', 870834, 1, 1, 1, 0, '2019-12-30 14:27:57', '2019-12-30 14:27:57'),
(48, '', 'Jbnnbnnnn', 'Hzhsh', 'Bdbdb', 'ans23444hunegitesti@gmail.com', NULL, NULL, NULL, NULL, '$2y$10$pC9iPT2rTKaPawoPjFmTjeJh.RGoZWWVGNLYkRmdMp5QXoZyCcbQ2', NULL, 0, 0, 'Noida, Uttar Pradesh, India', 'India', 'Delhi', 'Badarpur', 192068, 1, 1, 1, 0, '2019-12-30 17:59:45', '2019-12-30 17:59:45'),
(49, '', 'Jbnnbnnnnh', 'Hzhsh', 'Bdbdb', 'adns23444hunegitesti@gmail.com', NULL, NULL, NULL, NULL, '$2y$10$ozjeKWL.WnF0pEuFVxkwJOuq5ro4yMSyjvmWVMF6YJLYr.E1cGXWi', NULL, 0, 0, 'Noida, Uttar Pradesh, India', 'India', 'Delhi', 'Badarpur', 635779, 1, 1, 1, 0, '2019-12-30 18:01:28', '2019-12-30 18:01:28'),
(50, '', 'Jbnnbnnnnhg', 'Hzhsh', 'Bdbdb', 'addns23444hunegitesti@gmail.com', NULL, NULL, NULL, NULL, '$2y$10$.bDnbQ7sncXj9.KxAvcXKeeX2DsY2/R51vI6Tgh67vEQqkZyoYEMi', NULL, 0, 0, 'Noida, Uttar Pradesh, India', 'India', 'Delhi', 'Badarpur', 371839, 1, 1, 1, 0, '2019-12-30 18:02:55', '2019-12-30 18:02:55'),
(56, '', 'test', 'Naveen', 'Gupta', 'test1@gmail.com', NULL, NULL, 'http://172.16.200.38/museum/public/profile_pics/15785699501522066387.jpg', NULL, '$2y$10$j6hMaEku2qb5bdazEJHlReGkCXr/JmBJQoQ1D3W.4jBQlpG0syICm', NULL, 0, 0, 'Noida', 'India', 'Delhi', 'Badarpur', 960011, 1, 1, 0, 1, '2019-12-30 19:46:21', '2019-12-30 20:05:58'),
(57, '', 'test12', 'Himanshu', 'Negi', 'himanshunegi@virtualemployee.com', NULL, NULL, NULL, NULL, '$2y$10$FP40Ize1g0ZImY6z67pJa.5lGxobWkGlPI4vt/PRagte64rIajdNG', NULL, 0, 0, 'Mountain View, California, United States', 'India', 'Delhi', 'Badarpur', 448390, 1, 1, 1, 0, '2019-12-30 20:06:28', '2019-12-30 20:06:38'),
(58, '', 'EtahAjay', 'Ajay', 'Etah', 'etahajay@mailinator.com', NULL, NULL, 'http://172.16.200.38/museum/public/profile_pics/15785699501522066387.jpg', NULL, '$2y$10$.suxRTvLrr7FiWRXdjJlZ.VVJSttprQI2xr344vLakDnnb8W6DZ9W', NULL, 0, 6, 'Mountain View, California, United States', 'India', 'Delhi', 'Badarpur', 313239, 1, 0, 1, 1, '2019-12-31 18:20:50', '2020-01-09 19:26:06'),
(59, '', 'sams1', 'sams3', 'Gupta', 'sams1@mailinator.com', NULL, NULL, 'http://172.16.200.38/museum/public/profile_pics/15785699501522066387.jpg', NULL, '$2y$10$V7cddcsFhVTn/14xIvFPge2pQg2/61jgasIyR4q43L3W2tGyQom6e', NULL, -8, 9, 'Noida', 'India', 'Delhi', 'Badarpur', 171384, 2, 0, 1, 1, '2020-01-02 20:11:30', '2020-05-08 10:44:03'),
(60, '', 'sams2', 'sams2', 'Gupta', 'sams2@mailinator.com', NULL, NULL, 'http://172.16.200.38/museum/public/profile_pics/15785699501522066387.jpg', NULL, '$2y$10$g1/rkHjYjGqtgzlSzOTruOukZ2dOpH8T/kV9SKqKv6XzsxNbTCo1C', NULL, 0, 0, 'Noida', 'India', 'Delhi', 'Badarpur', 685678, 1, 0, 1, 1, '2020-01-02 20:21:35', '2020-01-02 20:22:10'),
(61, '', 'sams3', 'sams3', 'Gupta', 'sams3@mailinator.com', NULL, NULL, 'http://172.16.200.38/museum/public/profile_pics/15785699501522066387.jpg', NULL, '$2y$10$Jr0MkQyT.FQnJKkKQOPG8O1IPnlNFEuUR03OsjlfEbiDovp75X3Rm', NULL, 0, 0, 'Noida', 'India', 'Delhi', 'Badarpur', 111338, 1, 1, 0, 1, '2020-01-02 20:22:45', '2020-06-10 12:33:10'),
(62, '', 'sams4', 'sams4', 'Gupta', 'sams4@mailinator.com', NULL, NULL, NULL, NULL, '$2y$10$w2d0RCc8KMD7RVWyY1jszOVNufwl64Vgm6NUNFgGdODrQD/JoTtpW', NULL, 0, 0, 'Noida', 'India', 'Delhi', 'Badarpur', 939819, 1, 1, 1, 0, '2020-01-02 21:23:10', '2020-03-19 13:36:54'),
(63, '', 'Admin', 'Admin', 'Admin', 'admin@admin.com', NULL, NULL, 'http://172.16.200.38/museum/public/profile_pics/15785699501522066387.jpg', NULL, '$2y$10$fRvsn1LhLDT/yMMuvYqebe5irFrVzjifilbMTwNZ09hgYye5/.NnS', NULL, 0, 0, 'Noida', 'India', 'Delhi', 'Badarpur', 182147, 1, 0, 0, 1, '2020-01-10 17:36:04', '2020-01-10 17:36:04'),
(64, '', 'User11111111111111111111111111111111111111111111111111111111111', '11', '11', '11@gmail.com', NULL, NULL, NULL, NULL, '$2y$10$TUXOqY9ff80ejDT1WQ4nkONVuTKOmWrp7fs3v7dRNyLEEoLl2o/we', NULL, 0, 0, 'Noida, Uttar Pradesh, India', 'India', 'Delhi', 'Badarpur', 156905, 1, 1, 1, 0, '2020-01-29 19:59:50', '2020-01-29 19:59:50'),
(65, '', 'Jam111111111111111111111111111111111111111111111111111111111', 'Ramu', 'Shyaan', 'ram@yopmail.com', NULL, NULL, NULL, NULL, '$2y$10$sepGCMjlQpEhnV6iOiIYL.w6jIM.evQ7d2OrElyFy3zBgpQD2Pd2.', NULL, 0, 0, 'Noida, Uttar Pradesh, India', 'India', 'Delhi', 'Badarpur', 222127, 1, 1, 1, 0, '2020-01-29 20:08:04', '2020-01-29 20:08:04'),
(66, '', 'Tim1111111122356263646647373636373736352526263teggevdywyehehehrb', 'Min', 'Hshs', 'tim@yopmail.com', NULL, NULL, NULL, NULL, '$2y$10$D9KbjtjBoeXUz.niHqtDNuUWcs6rHyhiV0qx.mwV8i4GmE5suAFwW', NULL, 0, 0, 'Noida, Uttar Pradesh, India', 'India', 'Delhi', 'Badarpur', 350686, 1, 1, 1, 1, '2020-01-29 20:11:12', '2020-01-29 20:13:37'),
(67, '', 'Abc', 'Fyfy', 'Cyfy', 'fff@fff.com', NULL, NULL, NULL, NULL, '$2y$10$jF/jRa0SXd6ix9NVBYSk6Ocw6U1DJQfUbShWT8h0/JlgMmrnCRHkW', NULL, 0, 0, 'Noida, Uttar Pradesh, India', 'India', 'Delhi', 'Badarpur', 777776, 1, 1, 1, 0, '2020-01-29 20:12:04', '2020-01-29 20:12:13'),
(68, '', 'Abcg', 'Ihajga', 'Fyaf7a', 'f7fy@ufgu.ihbi', NULL, NULL, NULL, NULL, '$2y$10$46m1WNv3LCMRYDmNDi.WaO5qUsEot5RJBmj7xtgiWYR5zV9MIzslW', NULL, 0, 0, 'Noida, Uttar Pradesh, India', 'India', 'Delhi', 'Badarpur', 239292, 1, 1, 1, 0, '2020-01-29 20:17:53', '2020-01-29 20:17:53'),
(69, '', 'Tom', 'Tom', 'Tom', 'tom@yopmail.com', NULL, NULL, NULL, NULL, '$2y$10$CgUH5hFY6M2hHWnzsGCBT.f.cH8xiYgD5pjl/LCCef/da4dGk60uC', NULL, 0, 0, 'Noida, Uttar Pradesh, India', 'India', 'Delhi', 'Badarpur', 345951, 1, 1, 1, 0, '2020-01-29 20:32:43', '2020-01-29 20:32:43'),
(70, '', 'Jerry', 'Jerry', 'Jerry', 'jerry@yopmail.com', NULL, NULL, 'http://115.112.129.194:7575/museum/public/profile_pics/15803666011580366562192.jpg', NULL, '$2y$10$H6TNGVkpl6oddEBR0e3WlOi3S9B6UQxV7pNjK4avpySbDc3fTytZa', NULL, 0, 0, 'Noida, Uttar Pradesh, India', 'India', 'Delhi', 'Badarpur', 452336, 1, 1, 1, 1, '2020-01-29 20:36:40', '2020-01-30 14:43:21'),
(71, '', 'fxfxcfbjb', 'dfs sdf', 'ewf dsfd', 'df@hgh.uh', NULL, NULL, NULL, NULL, '$2y$10$2xp5Cps7yf9L1zHCrAEuqO0z9qRu4i9rcL3GI3PQcs/JRkM/I7Bnu', NULL, 0, 0, 'Noida, Uttar Pradesh, India', 'India', 'Delhi', 'Badarpur', 563588, 1, 1, 1, 0, '2020-01-29 21:28:15', '2020-01-29 21:28:15'),
(72, '', 'Sim', 'Sim', 'Sim', 'sim@yopmail.com', NULL, NULL, 'http://115.112.129.194:7575/museum/public/profile_pics/15803760281580376624371.jpg', NULL, '$2y$10$P1wZM36KY3IizpAoppySH.uZbzjcay.YsoXeIxtZQvO075NJRB9uW', NULL, 0, 0, 'West Palm Beach, Florida, United States', 'India', 'Delhi', 'Badarpur', 315244, 1, 1, 1, 1, '2020-01-30 14:24:38', '2020-02-18 14:04:36'),
(73, '', 'Hhh', 'Tgg', 'Ggh', 'fg@gg.hh', NULL, NULL, NULL, NULL, '$2y$10$BDAIGxh2yOn9NPqbE193weFbBKM7Ez.IUReHLwnwcAXDO4FCYJkOm', NULL, 0, 0, 'Noida, Uttar Pradesh, India', 'India', 'Delhi', 'Badarpur', 783284, 1, 1, 1, 0, '2020-01-30 14:26:23', '2020-01-30 14:26:23'),
(74, '', 'Ggg', 'Bvv', 'Ghgg', 'tt@yopmail.ggf', NULL, NULL, NULL, NULL, '$2y$10$3ASSE0ywW42EFgWmHjXRseqNgms5uEW6J.SREVRf9e9Opz2ryKF3e', NULL, 0, 0, 'Noida, Uttar Pradesh, India', 'India', 'Delhi', 'Badarpur', 984646, 1, 1, 1, 0, '2020-01-30 17:09:26', '2020-01-30 17:09:26'),
(75, '', 'By', 'Fufu', 'Yddy', 'ftt@huu.hhh', NULL, NULL, NULL, NULL, '$2y$10$.UXncRmUqTlfDFPtmDkJZel8S0sIEJeYdzvBEheMtiowL5dZmgSWa', NULL, 0, 0, 'Noida, Uttar Pradesh, भारत', 'India', 'Delhi', 'Badarpur', 210352, 1, 1, 1, 0, '2020-01-30 21:12:27', '2020-01-30 21:12:27'),
(76, '', 'remo', 'remo', 'remo', 'remo@yopmail.com', NULL, NULL, NULL, NULL, '$2y$10$qqOSoAo/H/3OQiJrFOk4GuD4ctMs7T2nkykfwlHmdauYs2WVJj0IW', NULL, 0, 0, 'Noida, Uttar Pradesh, India', 'India', 'Delhi', 'Badarpur', 886848, 1, 1, 1, 1, '2020-02-03 15:46:30', '2020-02-03 15:47:30'),
(77, '', 'john1111', 'john', 'john', 'john@yopmail.com', NULL, NULL, NULL, NULL, '$2y$10$ofnLC7NnvezDscj9Eeqh4.AJ3jFyQnNP8wBz8eP0TdmVSH41YI7zO', NULL, 0, 0, 'Noida, Uttar Pradesh, India', 'India', 'Delhi', 'Badarpur', 212729, 1, 1, 0, 1, '2020-02-03 15:59:58', '2020-02-03 16:00:59'),
(78, '', 'up', 'up', 'up', 'up@yopmail.com', NULL, NULL, 'http://115.112.129.194:7575/museum/public/profile_pics/15807251101580725154437.jpg', NULL, '$2y$10$I2B9coprdTZbDWnJTX9iIOtUGVryLoqn/QX/F1TaYQVWWxBa06lbe', NULL, 0, 0, 'Noida, Uttar Pradesh, India', 'India', 'Delhi', 'Badarpur', 709019, 1, 1, 1, 1, '2020-02-03 18:12:45', '2020-02-03 18:18:30'),
(79, '', 'sams5', 'sams5', 'Gupta', 'sams5@mailinator.com', NULL, NULL, NULL, NULL, '$2y$10$ow/VTZYKl5FsZrFyhE02WeJt69Vrnh9v.J4ZCC2FMWrGdI17mcZ36', NULL, 0, 0, 'Noida', 'India', 'Delhi', 'Badarpur', 821953, 1, 1, 1, 0, '2020-02-04 19:30:02', '2020-02-04 19:30:02'),
(80, '', 'NFL MVP\'S', 'Stephen', 'Joseph', 'delta121bravo@gmail.com', NULL, NULL, NULL, NULL, '$2y$10$T9jxL7sFwAYLwUPlLWFzmucdRreEkxLgxCHyQ2gQgq2NlDPPHIeve', NULL, -5, 0, 'Vaughan, Ontario, Canada', 'Canada', 'Ontario', 'Vaughan', 223104, 1, 0, 1, 1, '2020-02-14 02:14:20', '2020-05-08 11:56:48'),
(81, 'Naveen6', '', '', '', 'naveen6@mailinator.com', 'naveen6', NULL, '', NULL, NULL, NULL, 0, 0, '', '', '', '', NULL, 1, 1, 1, 0, '2020-03-05 17:46:53', '2020-05-14 07:46:37'),
(82, '', 'Test User', 'Test', 'User', 'testuser@mailinator.com', NULL, NULL, NULL, NULL, '$2y$10$.CVuxxdsT8eLuYDwvr56MOGnLGh8XfeRVoj5.IYyPeEDcPMAHD/Py', NULL, 0, 0, 'Noida, Uttar Pradesh, India', 'India', 'Uttar Pradesh', 'Noida', 484068, 1, 1, 1, 0, '2020-03-12 06:27:25', '2020-03-12 06:27:25'),
(83, '', 'Test User12', 'Test', 'User12', 'testuser12@mailinator.com', NULL, NULL, NULL, NULL, '$2y$10$wCIx.PnRiIOna7VzaqEls.tVkJk8U5aw6VrCM3EqUsDDsqAHafRte', NULL, 0, 0, 'Noida, Uttar Pradesh, India', 'India', 'Uttar Pradesh', 'Noida', 543274, 1, 1, 1, 0, '2020-03-12 06:29:32', '2020-03-12 06:29:32'),
(84, '', 'sams46', 'sams46', 'Gupta', 'sams46@mailinator.com', NULL, NULL, NULL, NULL, '$2y$10$MP4gQP50OjrRTqjJarPIfeJRUcSVNKR9IZSahg0yyT1rroPVa7Dwi', NULL, 0, 0, 'Noida', 'India', 'Delhi', 'Badarpur', 956937, 1, 1, 1, 0, '2020-03-20 11:23:54', '2020-03-20 11:23:54'),
(85, '', 'john', 'john', 'doe', 'john@gmail.com', NULL, NULL, NULL, NULL, '$2y$10$Qxu9hJG.1DwQI0yl/jdM/u.SZdXAHdpDhTC7dDQUca2nKYuwLBk7i', NULL, 0, 0, 'Noida, Uttar Pradesh, India', 'India', 'Uttar Pradesh', 'Noida', 924283, 1, 1, 1, 0, '2020-03-20 11:54:37', '2020-03-20 11:54:37'),
(86, '', 'john1', 'john', 'doe', 'abc@mailinator.com', NULL, NULL, NULL, NULL, '$2y$10$obVNVgdQXRl1x3Zewin3tOqwNvxfhvQtBa5vPGJWYQfflyPNKqhni', NULL, 0, 0, 'Noida, Uttar Pradesh, India', 'India', 'Uttar Pradesh', 'Noida', 901746, 1, 1, 1, 0, '2020-03-20 11:55:30', '2020-03-20 11:55:30'),
(87, '', 'john2', 'john', 'doe', 'john@mailinator.com', NULL, NULL, NULL, NULL, '$2y$10$Upv0pZpXh5.UIC2qyaNweuM8QPbvO0DS83fRfOQ6epdhotofzNi6e', NULL, 0, 0, 'Noida, Uttar Pradesh, India', 'India', 'Uttar Pradesh', 'Noida', 124635, 1, 1, 1, 1, '2020-03-20 11:58:38', '2020-03-20 12:11:37'),
(88, '', 'Himanshun', 'HIMANSHU', 'NEGI', 'himanshunegiamazone@gmail.com', NULL, NULL, NULL, NULL, '$2y$10$hBXmh6RpBrYMpoMfrfc/o./mFbid5/bAbbZ1qkFEQTiPhW.6kP1wi', NULL, 0, 0, 'Ghaziabad, Uttar Pradesh, India', 'India', 'Uttar Pradesh', 'Ghaziabad', 230949, 1, 1, 1, 1, '2020-03-25 08:50:53', '2020-05-06 05:37:13'),
(89, '', 'aoahmed2', 'Ahmed', 'Ahmed', 'ahmedoahmed2@gmail.com', NULL, NULL, NULL, NULL, '$2y$10$BI8WMWKgU6p8PzV1r35uDeT8OOaeqk64v3kVohlcp52g22BydTIqS', NULL, 0, 0, 'Edmonton, Alberta, Canada', 'Canada', 'Alberta', 'Edmonton', 482524, 1, 1, 1, 1, '2020-04-07 23:01:43', '2020-04-07 23:03:42'),
(90, '', 'morris851', 'Morris', 'Magni', 'mmagni851@gmail.com', NULL, NULL, NULL, NULL, '$2y$10$.pjL1r140CX39yJBav0RE.hMR5ThUcMkbuEcQqaqbkToaswQcZXYO', NULL, 0, 0, 'Vaughan, Ontario, Canada', 'Canada', 'Ontario', 'Vaughan', 355727, 2, 1, 1, 1, '2020-04-08 11:14:21', '2020-04-08 11:28:52'),
(91, '', 'Harshraj', 'Harsh', 'Kumar', 'harshkumar@virtualemployee.com', NULL, NULL, NULL, NULL, '$2y$10$cG9xl8gtsY/h85FPhbm38eE5iKsyF20qe6QFXc0wodKixLC7l61n.', NULL, 0, 0, 'Dhampur, Uttar Pradesh, India', 'India', 'Uttar Pradesh', 'Dhampur', 660068, 1, 1, 1, 1, '2020-05-04 11:35:06', '2020-06-18 08:31:57'),
(92, '', 'Harshu', 'Hk', 'Raj', 'hkrajput12@gmail.com', NULL, NULL, NULL, NULL, '$2y$10$/z/DwGJQBKueeB3ivcgW7OfsCQkuxmlDGW2xMfLE1f0pWMLPfKeGy', NULL, -1, -3, 'Dhampur, Uttar Pradesh, India', 'India', 'Uttar Pradesh', 'Dhampur', 516742, 1, 1, 1, 1, '2020-05-04 11:50:56', '2020-06-12 14:00:04'),
(93, '', 'amina.omer', 'Amina', 'Houssein', 'amina.omer94@gmail.com', NULL, NULL, NULL, NULL, '$2y$10$JQA2Mx/ORnTf5sMOs6iZ5eLeHXRBTznKEixC/M4S2hyDEATi21FFK', NULL, 0, 0, 'Hargeysa, Woqooyi Galbeed, Somalia', 'Somalia', 'Woqooyi Galbeed', 'Hargeysa', 948358, 1, 1, 1, 0, '2020-06-06 04:41:10', '2020-06-11 14:42:52'),
(94, '', 'harry', 'hirday', 'hdgdl', 'g@gmail.com', NULL, NULL, NULL, NULL, '$2y$10$7IVTKNCEiP8xRU/U/Pht3eTDPg9bRjqJl7YbX6Fd5ztBvEmdN1FDG', NULL, 0, 0, 'Pass@123', 'Pass@123', 'Pass@123', 'Pass@123', 549964, 1, 1, 1, 0, '2020-06-10 11:30:55', '2020-06-10 11:30:55'),
(95, '', 'add', 'asdf', 'asdfs', 'a@gmail.com', NULL, NULL, NULL, NULL, '$2y$10$dUdQ4T65o8I/n6fIf0zuQO3b9gxPakIFpfH4WfFlz4upWwSRtocry', NULL, 0, 0, 'asdfgh', 'asdfgh', 'asdfgh', 'asdfgh', 632403, 1, 1, 1, 1, '2020-06-10 11:59:39', '2020-06-10 12:47:50'),
(96, '', 'qwert', 'earth', 'qwert', 'as@gmail.com', NULL, NULL, NULL, NULL, '$2y$10$BSWZlHP5E3FtJ6Ql4a71Bu.aDLdzMMLuXeO.LgS0kgHldHrhHD6Fy', NULL, 0, 0, 'zxcvbn', 'zxcvbn', 'zxcvbn', 'zxcvbn', 108078, 1, 1, 1, 0, '2020-06-10 12:07:22', '2020-06-10 12:07:22'),
(97, '', 'Rama', 'raj', 'Singh', 'raj@virtualemployee.com', NULL, NULL, NULL, NULL, '$2y$10$AIukLpaTfIG/Q2JzOwFpSOogTgNjERUeUb96MXWYy9CcU3ar0zCsK', NULL, 0, 0, 'sham our', 'sham our', 'sham our', 'sham our', 674697, 1, 1, 1, 0, '2020-06-10 12:22:30', '2020-06-10 12:22:30'),
(98, '', 'ajaysngh', 'Rajesh', 'Singh', 'rajesh@virtualemloyee.com', NULL, NULL, NULL, NULL, '$2y$10$NkOvC2q87d.A.ivUHBb6suC/6ZXxUeg/xiuw2oqfjFqF2k6v/9Fw6', NULL, 0, 0, 'kuch bei daal', 'kuch bei daal', 'kuch bei daal', 'kuch bei daal', 854815, 1, 1, 1, 0, '2020-06-10 12:27:21', '2020-06-10 12:27:21'),
(99, '', 'preset', 'preeti', 'Singh', 'preeti@gmail.com', NULL, NULL, NULL, NULL, '$2y$10$I3XlkI6LtO732ZcrVHwAdOUxp8TlFSly8WKwgARbZm2DWOpPoWqTy', NULL, 0, 0, 'test address', 'test address', 'test address', 'test address', 405630, 1, 1, 1, 0, '2020-06-10 12:31:46', '2020-06-10 12:31:46'),
(100, '', 'Tony', 'Lovely', 'Paji', 'love@gmaik.com', NULL, NULL, NULL, NULL, '$2y$10$X0yWcliMFd1/UFxpF0s0f.5ujxsPyYZMmzj2h4qwckz.4zCxOvk.q', NULL, 0, 0, 'Dhampur, Uttar Pradesh, भारत', 'भारत', 'Uttar Pradesh', 'Dhampur', 831670, 1, 1, 1, 0, '2020-06-10 12:36:57', '2020-06-10 12:36:57'),
(101, '', 'test4', 'preeti', 'raj', 'p@gmail.com', NULL, NULL, NULL, NULL, '$2y$10$WgiYm9qaFHDD2sgtuTltlejA17ZojrZps.rMh7DxegRcc9yyK.izC', NULL, 0, 0, 'sham our yup', 'sham our yup', 'sham our yup', 'sham our yup', 286682, 1, 1, 1, 1, '2020-06-10 12:50:46', '2020-06-10 12:51:21'),
(102, '', 'testing test', 'test', 'testing', 'testing@mailinator.com', NULL, NULL, NULL, NULL, '$2y$10$Wmdowk/JN3T.TmOY/C7beOKMP7Ch1TSjBlPNSiAl5ZPEHpHmAUTDO', NULL, 0, 0, 'test', 'test', 'test', 'test', 543595, 1, 1, 1, 0, '2020-06-11 07:22:38', '2020-06-11 07:22:38'),
(103, '', 'testing7', 'testing', 'test', 'testing@mailinator', NULL, NULL, NULL, NULL, '$2y$10$ySSkrT7.Zh3HPA50eJ1rwOeamLTOVX3Ql9cTjW/RSMjh6jD/xtIxu', NULL, 0, 0, 'noida', 'noida', 'noida', 'noida', 622028, 1, 1, 1, 0, '2020-06-12 12:48:59', '2020-06-12 12:48:59'),
(104, '', 'Tango', 'Tango', 'Charlie', 'mohammad@virtualemployee.com', NULL, NULL, NULL, NULL, '$2y$10$I/F7dc7jN8GX8yvGdww8Ce0TOTSotmg4RM2dePLxvtH7qVwzChdF.', NULL, 0, 0, 'Dhampur, Uttar Pradesh, India', 'India', 'Uttar Pradesh', 'Dhampur', 663274, 1, 1, 1, 0, '2020-06-19 06:18:17', '2020-06-19 06:19:00'),
(105, '', 'Him121', 'Him', 'Negi', 'rajeshmaurya@virtualemployee.com', NULL, NULL, NULL, NULL, '$2y$10$jCNJdOqHmN.HLgzxvk6MfOJjXtD81V4s4NZecPSM3vpDOe6qFEM/q', NULL, 0, 0, 'Ghaziabad, Uttar Pradesh, India', 'India', 'Uttar Pradesh', 'Ghaziabad', 151411, 1, 1, 1, 1, '2020-06-19 06:40:02', '2020-07-27 08:22:35'),
(106, '', 'Sazidakg', 'Sazid', 'Ali', 'sazidakg1@gmail.com', NULL, NULL, NULL, NULL, '$2y$10$dd.LVXCpDfM3DutyGdrjhOKL3cujeh78Su4gPc72VwisjvY76jLEu', NULL, 0, 0, 'Mountain View, California, United States', 'United States', 'California', 'Mountain View', 400216, 1, 1, 1, 0, '2020-06-19 07:01:58', '2020-06-19 07:06:27');

--
-- Indexes for dumped tables
--

--
-- Indexes for table `advertisement`
--
ALTER TABLE `advertisement`
  ADD PRIMARY KEY (`id`);

--
-- Indexes for table `albumimages`
--
ALTER TABLE `albumimages`
  ADD PRIMARY KEY (`id`);

--
-- Indexes for table `albums`
--
ALTER TABLE `albums`
  ADD PRIMARY KEY (`id`),
  ADD KEY `stories_id` (`stories_id`),
  ADD KEY `id` (`id`);

--
-- Indexes for table `albums_views`
--
ALTER TABLE `albums_views`
  ADD PRIMARY KEY (`id`);

--
-- Indexes for table `cities`
--
ALTER TABLE `cities`
  ADD PRIMARY KEY (`city_id`);

--
-- Indexes for table `complaint_report`
--
ALTER TABLE `complaint_report`
  ADD PRIMARY KEY (`id`);

--
-- Indexes for table `countries`
--
ALTER TABLE `countries`
  ADD PRIMARY KEY (`country_id`);

--
-- Indexes for table `followers`
--
ALTER TABLE `followers`
  ADD PRIMARY KEY (`id`),
  ADD KEY `follower_id` (`follower_id`),
  ADD KEY `following_id` (`following_id`);

--
-- Indexes for table `migrations`
--
ALTER TABLE `migrations`
  ADD PRIMARY KEY (`id`);

--
-- Indexes for table `newsfeed`
--
ALTER TABLE `newsfeed`
  ADD PRIMARY KEY (`id`),
  ADD KEY `fk_album_id` (`album_id`),
  ADD KEY `id` (`id`);

--
-- Indexes for table `states`
--
ALTER TABLE `states`
  ADD PRIMARY KEY (`state_id`);

--
-- Indexes for table `stories`
--
ALTER TABLE `stories`
  ADD PRIMARY KEY (`id`),
  ADD KEY `id` (`id`);

--
-- Indexes for table `temporaryuploads`
--
ALTER TABLE `temporaryuploads`
  ADD PRIMARY KEY (`id`);

--
-- Indexes for table `users`
--
ALTER TABLE `users`
  ADD PRIMARY KEY (`id`);

--
-- AUTO_INCREMENT for dumped tables
--

--
-- AUTO_INCREMENT for table `advertisement`
--
ALTER TABLE `advertisement`
  MODIFY `id` int(11) NOT NULL AUTO_INCREMENT, AUTO_INCREMENT=147;
--
-- AUTO_INCREMENT for table `albumimages`
--
ALTER TABLE `albumimages`
  MODIFY `id` int(11) NOT NULL AUTO_INCREMENT, AUTO_INCREMENT=423;
--
-- AUTO_INCREMENT for table `albums`
--
ALTER TABLE `albums`
  MODIFY `id` int(11) NOT NULL AUTO_INCREMENT, AUTO_INCREMENT=227;
--
-- AUTO_INCREMENT for table `albums_views`
--
ALTER TABLE `albums_views`
  MODIFY `id` int(11) NOT NULL AUTO_INCREMENT, AUTO_INCREMENT=167;
--
-- AUTO_INCREMENT for table `cities`
--
ALTER TABLE `cities`
  MODIFY `city_id` int(11) NOT NULL AUTO_INCREMENT, AUTO_INCREMENT=32;
--
-- AUTO_INCREMENT for table `complaint_report`
--
ALTER TABLE `complaint_report`
  MODIFY `id` int(11) NOT NULL AUTO_INCREMENT, AUTO_INCREMENT=27;
--
-- AUTO_INCREMENT for table `countries`
--
ALTER TABLE `countries`
  MODIFY `country_id` int(11) NOT NULL AUTO_INCREMENT, AUTO_INCREMENT=17;
--
-- AUTO_INCREMENT for table `followers`
--
ALTER TABLE `followers`
  MODIFY `id` bigint(20) NOT NULL AUTO_INCREMENT, AUTO_INCREMENT=59;
--
-- AUTO_INCREMENT for table `migrations`
--
ALTER TABLE `migrations`
  MODIFY `id` int(10) UNSIGNED NOT NULL AUTO_INCREMENT;
--
-- AUTO_INCREMENT for table `newsfeed`
--
ALTER TABLE `newsfeed`
  MODIFY `id` int(11) NOT NULL AUTO_INCREMENT, AUTO_INCREMENT=185;
--
-- AUTO_INCREMENT for table `states`
--
ALTER TABLE `states`
  MODIFY `state_id` int(11) NOT NULL AUTO_INCREMENT, AUTO_INCREMENT=19;
--
-- AUTO_INCREMENT for table `stories`
--
ALTER TABLE `stories`
  MODIFY `id` int(11) NOT NULL AUTO_INCREMENT, AUTO_INCREMENT=19;
--
-- AUTO_INCREMENT for table `temporaryuploads`
--
ALTER TABLE `temporaryuploads`
  MODIFY `id` int(11) NOT NULL AUTO_INCREMENT, AUTO_INCREMENT=68;
--
-- AUTO_INCREMENT for table `users`
--
ALTER TABLE `users`
  MODIFY `id` bigint(20) UNSIGNED NOT NULL AUTO_INCREMENT, AUTO_INCREMENT=107;
--
-- Constraints for dumped tables
--

--
-- Constraints for table `followers`
--
ALTER TABLE `followers`
  ADD CONSTRAINT `followers_ibfk_1` FOREIGN KEY (`follower_id`) REFERENCES `users` (`id`),
  ADD CONSTRAINT `followers_ibfk_2` FOREIGN KEY (`following_id`) REFERENCES `users` (`id`);

/*!40101 SET CHARACTER_SET_CLIENT=@OLD_CHARACTER_SET_CLIENT */;
/*!40101 SET CHARACTER_SET_RESULTS=@OLD_CHARACTER_SET_RESULTS */;
/*!40101 SET COLLATION_CONNECTION=@OLD_COLLATION_CONNECTION */;
